date,open,close
2026-09-08,295.34,294.67
2026-09-09,293.46,290.64
2026-09-10,288.48,287.7
2026-09-11,290.71,288.89
2026-09-14,287.49,287.91
2026-09-15,286.62,285.14
2026-09-16,285.63,283.92
2026-09-17,287.95,285.43
2026-09-18,284.92,284.1
2026-09-21,286.27,285.58
2026-09-22,287.68,287.21
2026-09-23,285.99,281.92
2026-09-24,281.33,281.66
2026-09-25,282.34,281.97
2026-09-28,280.33,280.02
2026-09-29,280.25,279.01
2026-09-30,280.17,277.89
2026-10-01,277.36,279.02
2026-10-02,282.33,281.52
2026-10-05,281.95,283.38
2026-10-06,284.4,281.34
2026-10-07,278.25,277.7
2026-10-08,276.32,277.57
2026-10-09,278.21,278.94
