cell,date,ticker,entry,hold_days,exit_date,short_ret,short_ret_fee_only,short_ret_fee_borrow,tape,feature_date,source,meta
fpe_delta_t3_earn_today_3d,2026-09-14,EPM,2026-09-14,3,2026-09-17,0.0053908355795148,0.0038908355795148,0.0008908355795147,down,2026-09-11,reconstruct_oos,
fpe_delta_t3_earn_today_3d,2026-09-14,ISPR,2026-09-14,3,2026-09-17,0.1156462585034012,0.1141462585034012,0.1111462585034012,down,2026-09-11,reconstruct_oos,
fpe_delta_t3_earn_today_3d,2026-09-15,AZO,2026-09-15,3,2026-09-18,0.0017271217550913,0.0002271217550912,-0.0027728782449087,down,2026-09-14,reconstruct_oos,
fpe_delta_t3_earn_today_3d,2026-09-15,CODA,2026-09-15,3,2026-09-18,-0.0130841121495328,-0.0145841121495327,-0.0175841121495328,down,2026-09-14,reconstruct_oos,
fpe_delta_t3_earn_today_3d,2026-09-15,EPM,2026-09-15,3,2026-09-18,-0.0460704607046069,-0.0475704607046069,-0.0505704607046069,down,2026-09-14,reconstruct_oos,
fpe_delta_t3_earn_today_3d,2026-09-15,HAIN,2026-09-15,3,2026-09-18,0.111111111111111,0.1096111111111109,0.1066111111111109,down,2026-09-14,reconstruct_oos,
fpe_delta_t3_earn_today_3d,2026-09-15,HITI,2026-09-15,3,2026-09-18,-0.0157480314960629,-0.0172480314960629,-0.0202480314960629,down,2026-09-14,reconstruct_oos,
fpe_delta_t3_earn_today_3d,2026-09-15,THO,2026-09-15,3,2026-09-18,0.0497756590016825,0.0482756590016825,0.0452756590016825,down,2026-09-14,reconstruct_oos,
fpe_delta_t3_earn_today_3d,2026-09-16,CTAS,2026-09-16,3,2026-09-21,0.0129349242955981,0.0114349242955981,0.0084349242955981,up,2026-09-15,reconstruct_oos,
fpe_delta_t3_earn_today_3d,2026-09-16,GIS,2026-09-16,3,2026-09-21,0.0380331431676176,0.0365331431676176,0.0335331431676175,up,2026-09-15,reconstruct_oos,
fpe_delta_t3_earn_today_3d,2026-09-16,ISPR,2026-09-16,3,2026-09-21,0.0384615384615385,0.0369615384615385,0.0339615384615384,up,2026-09-15,reconstruct_oos,
fpe_delta_t3_earn_today_3d,2026-09-16,KBH,2026-09-16,3,2026-09-21,0.0166426957057735,0.0151426957057735,0.0121426957057735,up,2026-09-15,reconstruct_oos,
fpe_delta_t3_earn_today_3d,2026-09-16,LEN,2026-09-16,3,2026-09-21,0.0035732516590096,0.0020732516590096,-0.0009267483409904,up,2026-09-15,reconstruct_oos,
fpe_delta_t3_earn_today_3d,2026-09-16,MLKN,2026-09-16,3,2026-09-21,0.0309966618979493,0.0294966618979493,0.0264966618979493,up,2026-09-15,reconstruct_oos,
fpe_delta_t3_earn_today_3d,2026-09-16,PAYX,2026-09-16,3,2026-09-21,0.0146504455106236,0.0131504455106236,0.0101504455106236,up,2026-09-15,reconstruct_oos,
fpe_delta_t3_earn_today_3d,2026-09-16,TCOM,2026-09-16,3,2026-09-21,-0.0054415038337867,-0.0069415038337866,-0.0099415038337867,up,2026-09-15,reconstruct_oos,
fpe_delta_t3_earn_today_3d,2026-09-16,THO,2026-09-16,3,2026-09-21,-0.0028677946659019,-0.0043677946659019,-0.0073677946659019,up,2026-09-15,reconstruct_oos,
fpe_delta_t3_earn_today_3d,2026-09-17,GIS,2026-09-17,3,2026-09-22,0.0330060010911072,0.0315060010911072,0.0285060010911071,down,2026-09-16,reconstruct_oos,
fpe_delta_t3_earn_today_3d,2026-09-17,LGCY,2026-09-17,3,2026-09-22,0.0403071017274472,0.0388071017274471,0.0358071017274471,down,2026-09-16,reconstruct_oos,
fpe_delta_t3_earn_today_3d,2026-09-17,PAYX,2026-09-17,3,2026-09-22,0.0169942494206506,0.0154942494206506,0.0124942494206506,down,2026-09-16,reconstruct_oos,
fpe_delta_t3_earn_today_3d,2026-09-17,WOR,2026-09-17,3,2026-09-22,0.0166833500166833,0.0151833500166833,0.0121833500166833,down,2026-09-16,reconstruct_oos,
fpe_delta_t3_earn_today_3d,2026-09-18,GIS,2026-09-18,3,2026-09-23,0.0137665198237885,0.0122665198237885,0.0092665198237885,up,2026-09-17,reconstruct_oos,
fpe_delta_t3_earn_today_3d,2026-09-18,LGCY,2026-09-18,3,2026-09-23,0.0236742424242424,0.0221742424242424,0.0191742424242424,up,2026-09-17,reconstruct_oos,
fpe_delta_t3_earn_today_3d,2026-09-18,SNX,2026-09-18,3,2026-09-23,-0.0816426209798615,-0.0831426209798615,-0.0861426209798615,up,2026-09-17,reconstruct_oos,
fpe_delta_t3_earn_today_3d,2026-09-18,WOR,2026-09-18,3,2026-09-23,-0.0404322063436737,-0.0419322063436737,-0.0449322063436737,up,2026-09-17,reconstruct_oos,
fpe_delta_t3_earn_today_3d,2026-09-21,DRI,2026-09-21,3,2026-09-24,0.019260801665799,0.017760801665799,0.014760801665799,up,2026-09-18,reconstruct_oos,
fpe_delta_t3_earn_today_3d,2026-09-21,LGCY,2026-09-21,3,2026-09-24,-0.0545094152626364,-0.0560094152626364,-0.0590094152626364,up,2026-09-18,reconstruct_oos,
fpe_delta_t3_earn_today_3d,2026-09-21,MTN,2026-09-21,3,2026-09-24,0.0185857722708824,0.0170857722708824,0.0140857722708824,up,2026-09-18,reconstruct_oos,
fpe_delta_t3_earn_today_3d,2026-09-21,SNX,2026-09-21,3,2026-09-24,0.0719625165420793,0.0704625165420793,0.0674625165420793,up,2026-09-18,reconstruct_oos,
fpe_delta_t3_earn_today_3d,2026-09-21,WOR,2026-09-21,3,2026-09-24,-0.0374892519346516,-0.0389892519346516,-0.0419892519346516,up,2026-09-18,reconstruct_oos,
fpe_delta_t3_earn_today_3d,2026-09-22,ANAB,2026-09-22,3,2026-09-25,0.0541543026706231,0.0526543026706231,0.049654302670623,down,2026-09-21,reconstruct_oos,
fpe_delta_t3_earn_today_3d,2026-09-22,CBRL,2026-09-22,3,2026-09-25,-0.1391820580474936,-0.1406820580474936,-0.1436820580474936,down,2026-09-21,reconstruct_oos,
fpe_delta_t3_earn_today_3d,2026-09-22,CCL,2026-09-22,3,2026-09-25,0.0013464991023339,-0.0001535008976661,-0.0031535008976661,down,2026-09-21,reconstruct_oos,
fpe_delta_t3_earn_today_3d,2026-09-22,COST,2026-09-22,3,2026-09-25,-0.0259725820259948,-0.0274725820259948,-0.0304725820259948,down,2026-09-21,reconstruct_oos,
fpe_delta_t3_earn_today_3d,2026-09-22,DRI,2026-09-22,3,2026-09-25,0.0645780649995316,0.0630780649995316,0.0600780649995316,down,2026-09-21,reconstruct_oos,
fpe_delta_t3_earn_today_3d,2026-09-22,JEF,2026-09-22,3,2026-09-25,-0.006119434479848,-0.0076194344798479,-0.0106194344798479,down,2026-09-21,reconstruct_oos,
fpe_delta_t3_earn_today_3d,2026-09-22,MANU,2026-09-22,3,2026-09-25,0.0053632374451488,0.0038632374451487,0.0008632374451487,down,2026-09-21,reconstruct_oos,
fpe_delta_t3_earn_today_3d,2026-09-22,MTN,2026-09-22,3,2026-09-25,0.0206504533026332,0.0191504533026331,0.0161504533026332,down,2026-09-21,reconstruct_oos,
fpe_delta_t3_earn_today_3d,2026-09-22,SNX,2026-09-22,3,2026-09-25,0.0713857016769639,0.0698857016769639,0.0668857016769639,down,2026-09-21,reconstruct_oos,
fpe_delta_t3_earn_today_3d,2026-09-22,THO,2026-09-22,3,2026-09-25,0.0223577235772356,0.0208577235772355,0.0178577235772356,down,2026-09-21,reconstruct_oos,
fpe_delta_t3_earn_today_3d,2026-09-22,TRAK,2026-09-22,3,2026-09-25,-0.0012165450121655,-0.0027165450121655,-0.0057165450121655,down,2026-09-21,reconstruct_oos,
fpe_delta_t3_earn_today_3d,2026-09-23,AIR,2026-09-23,3,2026-09-28,0.0365812824376359,0.0350812824376359,0.0320812824376358,down,2026-09-22,reconstruct_oos,
fpe_delta_t3_earn_today_3d,2026-09-23,BSET,2026-09-23,3,2026-09-28,-0.0329545454545454,-0.0344545454545454,-0.0374545454545454,down,2026-09-22,reconstruct_oos,
fpe_delta_t3_earn_today_3d,2026-09-23,CALM,2026-09-23,3,2026-09-28,0.0609229053394675,0.0594229053394675,0.0564229053394675,down,2026-09-22,reconstruct_oos,
fpe_delta_t3_earn_today_3d,2026-09-23,CBRL,2026-09-23,3,2026-09-28,-0.1306818181818181,-0.1321818181818181,-0.1351818181818181,down,2026-09-22,reconstruct_oos,
fpe_delta_t3_earn_today_3d,2026-09-23,CCL,2026-09-23,3,2026-09-28,-0.0155963302752293,-0.0170963302752293,-0.0200963302752293,down,2026-09-22,reconstruct_oos,
fpe_delta_t3_earn_today_3d,2026-09-23,CNXC,2026-09-23,3,2026-09-28,0.1575637206223105,0.1560637206223105,0.1530637206223105,down,2026-09-22,reconstruct_oos,
fpe_delta_t3_earn_today_3d,2026-09-23,COST,2026-09-23,3,2026-09-28,-0.0201392726870786,-0.0216392726870786,-0.0246392726870786,down,2026-09-22,reconstruct_oos,
fpe_delta_t3_earn_today_3d,2026-09-23,CTAS,2026-09-23,3,2026-09-28,-0.0448507579309267,-0.0463507579309267,-0.0493507579309267,down,2026-09-22,reconstruct_oos,
fpe_delta_t3_earn_today_3d,2026-09-23,DRI,2026-09-23,3,2026-09-28,0.0780102016940427,0.0765102016940427,0.0735102016940427,down,2026-09-22,reconstruct_oos,
fpe_delta_t3_earn_today_3d,2026-09-23,FUL,2026-09-23,3,2026-09-28,0.0167297351125274,0.0152297351125274,0.0122297351125273,down,2026-09-22,reconstruct_oos,
fpe_delta_t3_earn_today_3d,2026-09-23,JBL,2026-09-23,3,2026-09-28,-0.0329716599190283,-0.0344716599190283,-0.0374716599190283,down,2026-09-22,reconstruct_oos,
fpe_delta_t3_earn_today_3d,2026-09-23,KBH,2026-09-23,3,2026-09-28,-0.0154825026511136,-0.0169825026511136,-0.0199825026511136,down,2026-09-22,reconstruct_oos,
fpe_delta_t3_earn_today_3d,2026-09-23,MANU,2026-09-23,3,2026-09-28,0.0014641288433381,-3.587115666190007e-05,-0.0030358711566619,down,2026-09-22,reconstruct_oos,
fpe_delta_t3_earn_today_3d,2026-09-23,MTN,2026-09-23,3,2026-09-28,0.0139950017850768,0.0124950017850768,0.0094950017850768,down,2026-09-22,reconstruct_oos,
fpe_delta_t3_earn_today_3d,2026-09-23,MU,2026-09-23,3,2026-09-28,0.0166996305556592,0.0151996305556592,0.0121996305556591,down,2026-09-22,reconstruct_oos,
fpe_delta_t3_earn_today_3d,2026-09-23,SCHL,2026-09-23,3,2026-09-28,0.0503393665158371,0.0488393665158371,0.045839366515837,down,2026-09-22,reconstruct_oos,
fpe_delta_t3_earn_today_3d,2026-09-23,SNX,2026-09-23,3,2026-09-28,0.1081663135225259,0.1066663135225259,0.1036663135225259,down,2026-09-22,reconstruct_oos,
fpe_delta_t3_earn_today_3d,2026-09-24,ACN,2026-09-24,3,2026-09-29,0.0016346316442139,0.0001346316442139,-0.0028653683557861,up,2026-09-23,reconstruct_oos,
fpe_delta_t3_earn_today_3d,2026-09-24,AIR,2026-09-24,3,2026-09-29,0.1145487723954877,0.1130487723954877,0.1100487723954877,up,2026-09-23,reconstruct_oos,
fpe_delta_t3_earn_today_3d,2026-09-24,AYI,2026-09-24,3,2026-09-29,0.0021328162869606,0.0006328162869605,-0.0023671837130394,up,2026-09-23,reconstruct_oos,
fpe_delta_t3_earn_today_3d,2026-09-24,CALM,2026-09-24,3,2026-09-29,-0.001022196261682,-0.002522196261682,-0.005522196261682,up,2026-09-23,reconstruct_oos,
fpe_delta_t3_earn_today_3d,2026-09-24,CNXC,2026-09-24,3,2026-09-29,0.1534535556311671,0.1519535556311671,0.1489535556311671,up,2026-09-23,reconstruct_oos,
fpe_delta_t3_earn_today_3d,2026-09-24,COST,2026-09-24,3,2026-09-29,-0.0313559700160628,-0.0328559700160628,-0.0358559700160628,up,2026-09-23,reconstruct_oos,
fpe_delta_t3_earn_today_3d,2026-09-24,DRI,2026-09-24,3,2026-09-29,0.0585311715884964,0.0570311715884964,0.0540311715884963,up,2026-09-23,reconstruct_oos,
fpe_delta_t3_earn_today_3d,2026-09-24,FUL,2026-09-24,3,2026-09-29,0.008,0.0065,0.0035,up,2026-09-23,reconstruct_oos,
fpe_delta_t3_earn_today_3d,2026-09-24,JBL,2026-09-24,3,2026-09-29,-0.0262319353696609,-0.0277319353696609,-0.0307319353696609,up,2026-09-23,reconstruct_oos,
fpe_delta_t3_earn_today_3d,2026-09-24,MKC,2026-09-24,3,2026-09-29,-0.0121288163948138,-0.0136288163948138,-0.0166288163948138,up,2026-09-23,reconstruct_oos,
fpe_delta_t3_earn_today_3d,2026-09-24,MTN,2026-09-24,3,2026-09-29,-0.0251777681033231,-0.0266777681033231,-0.0296777681033231,up,2026-09-23,reconstruct_oos,
fpe_delta_t3_earn_today_3d,2026-09-24,MU,2026-09-24,3,2026-09-29,0.0142985386800922,0.0127985386800922,0.0097985386800922,up,2026-09-23,reconstruct_oos,
fpe_delta_t3_earn_today_3d,2026-09-24,NKE,2026-09-24,3,2026-09-29,0.0041678243956654,0.0026678243956654,-0.0003321756043345,up,2026-09-23,reconstruct_oos,
fpe_delta_t3_earn_today_3d,2026-09-24,SCHL,2026-09-24,3,2026-09-29,0.0008613264427218,-0.0006386735572782,-0.0036386735572782,up,2026-09-23,reconstruct_oos,
fpe_delta_t3_earn_today_3d,2026-09-24,SNX,2026-09-24,3,2026-09-29,0.0049331329248083,0.0034331329248083,0.0004331329248083,up,2026-09-23,reconstruct_oos,
fresh_dcp_t1_ep_ge03_2d,2026-09-14,MASK,2026-09-14,2,2026-09-16,0.1057692307692307,0.1042692307692307,0.1012692307692307,down,2026-09-11,fresh_cat_results_oos,
fresh_dcp_t1_ep_ge03_2d,2026-09-15,ENPH,2026-09-15,2,2026-09-17,0.0190631808278866,0.0175631808278865,0.0145631808278865,down,2026-09-14,fresh_cat_results_oos,
fresh_dcp_t1_ep_ge03_2d,2026-09-15,GPUS,2026-09-15,2,2026-09-17,0.0526315789473684,0.0511315789473683,0.0481315789473683,down,2026-09-14,fresh_cat_results_oos,
fresh_dcp_t1_ep_ge03_2d,2026-09-15,SOAR,2026-09-15,2,2026-09-17,0.0526315789473684,0.0511315789473683,0.0481315789473683,down,2026-09-14,fresh_cat_results_oos,
fresh_dcp_t1_ep_ge03_2d,2026-09-15,XLAB,2026-09-15,2,2026-09-17,0.0234113712374582,0.0219113712374581,0.0189113712374582,down,2026-09-14,fresh_cat_results_oos,
fresh_dcp_t1_ep_ge03_2d,2026-09-16,RIME,2026-09-16,2,2026-09-18,-0.1578947368421053,-0.1593947368421053,-0.1623947368421053,up,2026-09-15,fresh_cat_results_oos,
fresh_dcp_t1_ep_ge03_2d,2026-09-17,PRFX,2026-09-17,2,2026-09-21,0.0588235294117647,0.0573235294117647,0.0543235294117646,down,2026-09-16,fresh_cat_results_oos,
fresh_dcp_t1_ep_ge03_2d,2026-09-21,NET,2026-09-21,2,2026-09-23,-0.0018767594619955,-0.0033767594619955,-0.0063767594619955,up,2026-09-18,fresh_cat_results_oos,
fresh_dcp_t1_ep_ge03_2d,2026-09-21,SOS,2026-09-21,2,2026-09-23,0.5584415584415584,0.5569415584415585,0.5539415584415585,up,2026-09-18,fresh_cat_results_oos,
fresh_dcp_t1_ep_ge03_2d,2026-09-21,ZSQR,2026-09-21,2,2026-09-23,-0.1212121212121211,-0.1227121212121211,-0.1257121212121211,up,2026-09-18,fresh_cat_results_oos,
fresh_dcp_t1_ep_ge03_2d,2026-09-22,KGS,2026-09-22,2,2026-09-24,0.03437557140245,0.0328755714024499,0.0298755714024499,down,2026-09-21,fresh_cat_results_oos,
fresh_dcp_t1_ep_ge03_2d,2026-09-23,CEPL,2026-09-23,2,2026-09-25,0.1405109489051095,0.1390109489051095,0.1360109489051095,down,2026-09-22,fresh_cat_results_oos,
fresh_dcp_t1_ep_ge03_2d,2026-09-23,FPS,2026-09-23,2,2026-09-25,0.0228184553660983,0.0213184553660982,0.0183184553660983,down,2026-09-22,fresh_cat_results_oos,
fresh_dcp_t1_ep_ge03_2d,2026-09-23,MASK,2026-09-23,2,2026-09-25,0.0744680851063829,0.0729680851063829,0.0699680851063829,down,2026-09-22,fresh_cat_results_oos,
fresh_dcp_t1_ep_ge03_2d,2026-09-23,ZEO,2026-09-23,2,2026-09-25,0.05,0.0485,0.0455,down,2026-09-22,fresh_cat_results_oos,
fresh_dcp_t1_avoid_ah_3d,2026-09-14,MASK,2026-09-14,3,2026-09-17,0.0865384615384615,0.0850384615384615,0.0820384615384614,down,2026-09-11,fresh_cat_results_oos,
fresh_dcp_t1_avoid_ah_3d,2026-09-14,VRT,2026-09-14,3,2026-09-17,-0.0172711571675303,-0.0187711571675303,-0.0217711571675303,down,2026-09-11,fresh_cat_results_oos,
fresh_dcp_t1_avoid_ah_3d,2026-09-15,ENPH,2026-09-15,3,2026-09-18,0.0566448801742919,0.0551448801742919,0.0521448801742919,down,2026-09-14,fresh_cat_results_oos,
fresh_dcp_t1_avoid_ah_3d,2026-09-15,GPUS,2026-09-15,3,2026-09-18,0.0526315789473684,0.0511315789473683,0.0481315789473683,down,2026-09-14,fresh_cat_results_oos,
fresh_dcp_t1_avoid_ah_3d,2026-09-15,SOAR,2026-09-15,3,2026-09-18,-0.0526315789473683,-0.0541315789473683,-0.0571315789473683,down,2026-09-14,fresh_cat_results_oos,
fresh_dcp_t1_avoid_ah_3d,2026-09-15,XLAB,2026-09-15,3,2026-09-18,0.020066889632107,0.018566889632107,0.0155668896321069,down,2026-09-14,fresh_cat_results_oos,
fresh_dcp_t1_avoid_ah_3d,2026-09-16,RIME,2026-09-16,3,2026-09-21,-0.1052631578947367,-0.1067631578947367,-0.1097631578947367,up,2026-09-15,fresh_cat_results_oos,
fresh_dcp_t1_avoid_ah_3d,2026-09-17,PRFX,2026-09-17,3,2026-09-22,0.088235294117647,0.086735294117647,0.0837352941176469,down,2026-09-16,fresh_cat_results_oos,
fresh_dcp_t1_avoid_ah_3d,2026-09-18,COHR,2026-09-18,3,2026-09-23,0.052810688177464,0.051310688177464,0.048310688177464,up,2026-09-17,fresh_cat_results_oos,
fresh_dcp_t1_avoid_ah_3d,2026-09-18,GPUS,2026-09-18,3,2026-09-23,0.0555555555555554,0.0540555555555554,0.0510555555555553,up,2026-09-17,fresh_cat_results_oos,
fresh_dcp_t1_avoid_ah_3d,2026-09-18,INIO,2026-09-18,3,2026-09-23,0.0548463356973994,0.0533463356973994,0.0503463356973993,up,2026-09-17,fresh_cat_results_oos,
fresh_dcp_t1_avoid_ah_3d,2026-09-21,SOS,2026-09-21,3,2026-09-24,0.4935064935064934,0.4920064935064934,0.4890064935064934,up,2026-09-18,fresh_cat_results_oos,
fresh_dcp_t1_avoid_ah_3d,2026-09-21,ZSQR,2026-09-21,3,2026-09-24,-0.4053030303030303,-0.4068030303030303,-0.4098030303030303,up,2026-09-18,fresh_cat_results_oos,
fresh_dcp_t1_avoid_ah_3d,2026-09-22,KGS,2026-09-22,3,2026-09-25,0.0325470835618942,0.0310470835618942,0.0280470835618942,down,2026-09-21,fresh_cat_results_oos,
fresh_dcp_t1_avoid_ah_3d,2026-09-22,TG,2026-09-22,3,2026-09-25,0.0126050420168066,0.0111050420168066,0.0081050420168066,down,2026-09-21,fresh_cat_results_oos,
fresh_dcp_t1_avoid_ah_3d,2026-09-23,CEPL,2026-09-23,3,2026-09-28,0.1824817518248175,0.1809817518248175,0.1779817518248174,down,2026-09-22,fresh_cat_results_oos,
fresh_dcp_t1_avoid_ah_3d,2026-09-23,FPS,2026-09-23,3,2026-09-28,0.0824974924774323,0.0809974924774322,0.0779974924774322,down,2026-09-22,fresh_cat_results_oos,
fresh_dcp_t1_avoid_ah_3d,2026-09-23,MASK,2026-09-23,3,2026-09-28,0.1063829787234041,0.1048829787234041,0.1018829787234041,down,2026-09-22,fresh_cat_results_oos,
fresh_dcp_t1_avoid_ah_3d,2026-09-23,MVIS,2026-09-23,3,2026-09-28,0.0987654320987655,0.0972654320987655,0.0942654320987654,down,2026-09-22,fresh_cat_results_oos,
fresh_dcp_t1_avoid_ah_3d,2026-09-23,ZEO,2026-09-23,3,2026-09-28,0.15,0.1485,0.1455,down,2026-09-22,fresh_cat_results_oos,
fpe_delta_t3_earn_today_3d,2026-09-25,AIR,2026-09-25,3,2026-09-30,0.1260873309792438,0.1245873309792438,0.1215873309792437,down,2026-09-24,shadow_2026-09-25,
fpe_delta_t3_earn_today_3d,2026-09-25,AYI,2026-09-25,3,2026-09-30,0.0300857804771148,0.0285857804771147,0.0255857804771147,down,2026-09-24,shadow_2026-09-25,
fpe_delta_t3_earn_today_3d,2026-09-25,BSET,2026-09-25,3,2026-09-30,0.0443107221006565,0.0428107221006565,0.0398107221006565,down,2026-09-24,shadow_2026-09-25,
fpe_delta_t3_earn_today_3d,2026-09-25,CALM,2026-09-25,3,2026-09-30,-0.0093430223935933,-0.0108430223935933,-0.0138430223935933,down,2026-09-24,shadow_2026-09-25,
fpe_delta_t3_earn_today_3d,2026-09-25,CNXC,2026-09-25,3,2026-09-30,0.078655834564254,0.077155834564254,0.074155834564254,down,2026-09-24,shadow_2026-09-25,
fpe_delta_t3_earn_today_3d,2026-09-25,JBL,2026-09-25,3,2026-09-30,0.0943360484940329,0.0928360484940329,0.0898360484940329,down,2026-09-24,shadow_2026-09-25,
fpe_delta_t3_earn_today_3d,2026-09-25,MU,2026-09-25,3,2026-09-30,0.0158646560963892,0.0143646560963892,0.0113646560963892,down,2026-09-24,shadow_2026-09-25,
fpe_delta_t3_earn_today_3d,2026-09-25,NKE,2026-09-25,3,2026-09-30,0.0097902097902098,0.0082902097902098,0.0052902097902098,down,2026-09-24,shadow_2026-09-25,
fpe_delta_t3_earn_today_3d,2026-09-25,TRAK,2026-09-25,3,2026-09-30,-0.0170109356014578,-0.0185109356014578,-0.0215109356014578,down,2026-09-24,shadow_2026-09-25,
fresh_dcp_t1_ep_ge03_2d,2026-09-25,FRMI,2026-09-25,2,2026-09-29,0.0530973451327432,0.0515973451327432,0.0485973451327432,down,2026-09-24,shadow_2026-09-25,
fresh_dcp_t1_ep_ge03_2d,2026-09-25,SOS,2026-09-25,2,2026-09-29,-0.0,-0.0015,-0.0045,down,2026-09-24,shadow_2026-09-25,
fresh_dcp_t1_avoid_ah_3d,2026-09-25,BE,2026-09-25,3,2026-09-30,0.0405957741600275,0.0390957741600275,0.0360957741600274,down,2026-09-24,shadow_2026-09-25,
fresh_dcp_t1_avoid_ah_3d,2026-09-25,SOS,2026-09-25,3,2026-09-30,0.0833333333333332,0.0818333333333332,0.0788333333333332,down,2026-09-24,shadow_2026-09-25,
fpe_delta_t3_earn_today_3d,2026-09-28,AYI,2026-09-28,3,2026-10-01,0.021673041090517,0.020173041090517,0.017173041090517,down,2026-09-25,shadow_2026-09-28,
fpe_delta_t3_earn_today_3d,2026-09-28,BSET,2026-09-28,3,2026-10-01,-0.0484048404840482,-0.0499048404840482,-0.0529048404840482,down,2026-09-25,shadow_2026-09-28,
fpe_delta_t3_earn_today_3d,2026-09-28,CALM,2026-09-28,3,2026-10-01,0.0225653206650831,0.021065320665083,0.0180653206650831,down,2026-09-25,shadow_2026-09-28,
fpe_delta_t3_earn_today_3d,2026-09-28,CCL,2026-09-28,3,2026-10-01,-0.1323396567299006,-0.1338396567299006,-0.1368396567299006,down,2026-09-25,shadow_2026-09-28,
fpe_delta_t3_earn_today_3d,2026-09-28,JBL,2026-09-28,3,2026-10-01,0.0600131690339572,0.0585131690339572,0.0555131690339572,down,2026-09-25,shadow_2026-09-28,
fpe_delta_t3_earn_today_3d,2026-09-28,JEF,2026-09-28,3,2026-10-01,0.0398896668788457,0.0383896668788457,0.0353896668788457,down,2026-09-25,shadow_2026-09-28,
fpe_delta_t3_earn_today_3d,2026-09-28,TRAK,2026-09-28,3,2026-10-01,-0.0182926829268292,-0.0197926829268292,-0.0227926829268292,down,2026-09-25,shadow_2026-09-28,
fresh_dcp_t1_ep_ge03_2d,2026-09-28,BUUU,2026-09-28,2,2026-09-30,0.0857865685372584,0.0842865685372584,0.0812865685372584,down,2026-09-25,shadow_2026-09-28,
fpe_delta_t3_earn_today_3d,2026-09-29,AYI,2026-09-29,3,2026-10-02,9.715340522697956e-05,-0.0014028465947730205,-0.004402846594773021,down,2026-09-28,shadow_2026-09-29,
fpe_delta_t3_earn_today_3d,2026-09-29,BSET,2026-09-29,3,2026-10-02,-0.14792243767313,-0.14942243767313,-0.15242243767313,down,2026-09-28,shadow_2026-09-29,
fpe_delta_t3_earn_today_3d,2026-09-29,CALM,2026-09-29,3,2026-10-02,0.0274252370532457,0.0259252370532457,0.0229252370532457,down,2026-09-28,shadow_2026-09-29,
fpe_delta_t3_earn_today_3d,2026-09-29,CCL,2026-09-29,3,2026-10-02,-0.0258861011549185,-0.0273861011549185,-0.0303861011549185,down,2026-09-28,shadow_2026-09-29,
fpe_delta_t3_earn_today_3d,2026-09-29,IDT,2026-09-29,3,2026-10-02,-0.0452620434092112,-0.0467620434092112,-0.049762043409211205,down,2026-09-28,shadow_2026-09-29,
fpe_delta_t3_earn_today_3d,2026-09-29,JBL,2026-09-29,3,2026-10-02,0.0452578095596536,0.043757809559653596,0.04075780955965359,down,2026-09-28,shadow_2026-09-29,
fpe_delta_t3_earn_today_3d,2026-09-29,JEF,2026-09-29,3,2026-10-02,0.0118228718830611,0.0103228718830611,0.007322871883061101,down,2026-09-28,shadow_2026-09-29,
fpe_delta_t3_earn_today_3d,2026-09-29,NEOG,2026-09-29,3,2026-10-02,0.0455616653574234,0.044061665357423396,0.041061665357423394,down,2026-09-28,shadow_2026-09-29,
fpe_delta_t3_earn_today_3d,2026-09-29,NKE,2026-09-29,3,2026-10-02,0.054966517857143,0.053466517857143,0.050466517857143,down,2026-09-28,shadow_2026-09-29,
fpe_delta_t3_earn_today_3d,2026-09-29,PBK,2026-09-29,3,2026-10-02,0.1538461538461538,0.1523461538461538,0.1493461538461538,down,2026-09-28,shadow_2026-09-29,
fpe_delta_t3_earn_today_3d,2026-09-29,PENG,2026-09-29,3,2026-10-02,-0.0998386807671625,-0.1013386807671625,-0.1043386807671625,down,2026-09-28,shadow_2026-09-29,
fpe_delta_t3_earn_today_3d,2026-09-29,RPM,2026-09-29,3,2026-10-02,0.0078023407022106,0.0063023407022106005,0.0033023407022106004,down,2026-09-28,shadow_2026-09-29,
fpe_delta_t3_earn_today_3d,2026-09-29,TRAK,2026-09-29,3,2026-10-02,0.0085784313725491,0.0070784313725491006,0.0040784313725491005,down,2026-09-28,shadow_2026-09-29,
fpe_delta_t3_earn_today_3d,2026-09-29,WS,2026-09-29,3,2026-10-02,-0.037317620650954,-0.038817620650954,-0.041817620650954006,down,2026-09-28,shadow_2026-09-29,
fresh_dcp_t1_ep_ge03_2d,2026-09-29,FRSX,2026-09-29,2,2026-10-01,0.052173913043478,0.050673913043478,0.047673913043478,down,2026-09-28,shadow_2026-09-29,
fresh_dcp_t1_ep_ge03_2d,2026-09-29,HUT,2026-09-29,2,2026-10-01,0.0699978462201162,0.0684978462201162,0.0654978462201162,down,2026-09-28,shadow_2026-09-29,
fresh_dcp_t1_avoid_ah_3d,2026-09-29,HUT,2026-09-29,3,2026-10-02,0.0347835451216885,0.0332835451216885,0.030283545121688498,down,2026-09-28,shadow_2026-09-29,
fpe_delta_t3_earn_today_3d,2026-09-30,AYI,2026-09-30,3,2026-10-05,0.0160420903134179,0.014542090313417902,0.0115420903134179,up,2026-09-29,shadow_2026-09-30,
fpe_delta_t3_earn_today_3d,2026-09-30,BSET,2026-09-30,3,2026-10-05,-0.1986262163709218,-0.2001262163709218,-0.2031262163709218,up,2026-09-29,shadow_2026-09-30,
fpe_delta_t3_earn_today_3d,2026-09-30,CALM,2026-09-30,3,2026-10-05,0.0451072583014987,0.0436072583014987,0.040607258301498694,up,2026-09-29,shadow_2026-09-30,
fpe_delta_t3_earn_today_3d,2026-09-30,CCL,2026-09-30,3,2026-10-05,-0.0415647921760391,-0.043064792176039104,-0.04606479217603911,up,2026-09-29,shadow_2026-09-30,
fpe_delta_t3_earn_today_3d,2026-09-30,JBL,2026-09-30,3,2026-10-05,-0.0490831764623858,-0.050583176462385804,-0.053583176462385806,up,2026-09-29,shadow_2026-09-30,
fpe_delta_t3_earn_today_3d,2026-09-30,LEVI,2026-09-30,3,2026-10-05,-0.0289340101522843,-0.0304340101522843,-0.0334340101522843,up,2026-09-29,shadow_2026-09-30,
fpe_delta_t3_earn_today_3d,2026-09-30,MKC,2026-09-30,3,2026-10-05,0.0185344827586206,0.017034482758620597,0.014034482758620598,up,2026-09-29,shadow_2026-09-30,
fpe_delta_t3_earn_today_3d,2026-09-30,NEOG,2026-09-30,3,2026-10-05,-0.0164062499999999,-0.0179062499999999,-0.0209062499999999,up,2026-09-29,shadow_2026-09-30,
fpe_delta_t3_earn_today_3d,2026-09-30,NKE,2026-09-30,3,2026-10-05,0.0406779661016948,0.0391779661016948,0.0361779661016948,up,2026-09-29,shadow_2026-09-30,
fpe_delta_t3_earn_today_3d,2026-09-30,PENG,2026-09-30,3,2026-10-05,-0.1100749680014627,-0.1115749680014627,-0.1145749680014627,up,2026-09-29,shadow_2026-09-30,
fpe_delta_t3_earn_today_3d,2026-09-30,RELL,2026-09-30,3,2026-10-05,-0.0592216582064297,-0.060721658206429704,-0.06372165820642971,up,2026-09-29,shadow_2026-09-30,
fpe_delta_t3_earn_today_3d,2026-09-30,RPM,2026-09-30,3,2026-10-05,0.0341542515455559,0.0326542515455559,0.029654251545555902,up,2026-09-29,shadow_2026-09-30,
fpe_delta_t3_earn_today_3d,2026-09-30,WS,2026-09-30,3,2026-10-05,-0.1104172580187341,-0.1119172580187341,-0.1149172580187341,up,2026-09-29,shadow_2026-09-30,
fresh_dcp_t1_ep_ge03_2d,2026-09-30,ALP,2026-09-30,2,2026-10-02,0.0476190476190476,0.0461190476190476,0.0431190476190476,up,2026-09-29,shadow_2026-09-30,
fresh_dcp_t1_ep_ge03_2d,2026-09-30,AZIO,2026-09-30,2,2026-10-02,0.0634920634920636,0.0619920634920636,0.058992063492063596,up,2026-09-29,shadow_2026-09-30,
fresh_dcp_t1_avoid_ah_3d,2026-09-30,ALP,2026-09-30,3,2026-10-05,0.0910973084886129,0.0895973084886129,0.0865973084886129,up,2026-09-29,shadow_2026-09-30,
fresh_dcp_t1_avoid_ah_3d,2026-09-30,AZIO,2026-09-30,3,2026-10-05,0.0714285714285715,0.06992857142857149,0.06692857142857149,up,2026-09-29,shadow_2026-09-30,
fpe_delta_t3_earn_today_3d,2026-10-01,ACN,2026-10-01,3,2026-10-06,0.0890249646726331,0.0875249646726331,0.0845249646726331,up,2026-09-30,shadow_2026-10-01,
fpe_delta_t3_earn_today_3d,2026-10-01,CALM,2026-10-01,3,2026-10-06,0.0370595382746051,0.0355595382746051,0.032559538274605095,up,2026-09-30,shadow_2026-10-01,
fpe_delta_t3_earn_today_3d,2026-10-01,NEOG,2026-10-01,3,2026-10-06,0.0228758169934639,0.0213758169934639,0.0183758169934639,up,2026-09-30,shadow_2026-10-01,
fpe_delta_t3_earn_today_3d,2026-10-01,NKE,2026-10-01,3,2026-10-06,0.0153627311522047,0.0138627311522047,0.0108627311522047,up,2026-09-30,shadow_2026-10-01,
fpe_delta_t3_earn_today_3d,2026-10-01,PRGS,2026-10-01,3,2026-10-06,-0.016949152542373,-0.018449152542373,-0.021449152542373,up,2026-09-30,shadow_2026-10-01,
fpe_delta_t3_earn_today_3d,2026-10-01,RELL,2026-10-01,3,2026-10-06,-0.0264008620689655,-0.027900862068965502,-0.0309008620689655,up,2026-09-30,shadow_2026-10-01,
fresh_dcp_t1_ep_ge03_2d,2026-10-01,AIB,2026-10-01,2,2026-10-05,-0.0657894736842106,-0.06728947368421061,-0.07028947368421061,up,2026-09-30,shadow_2026-10-01,
fresh_dcp_t1_ep_ge03_2d,2026-10-01,BTDR,2026-10-01,2,2026-10-05,-0.0272556390977443,-0.028755639097744302,-0.0317556390977443,up,2026-09-30,shadow_2026-10-01,
fresh_dcp_t1_ep_ge03_2d,2026-10-01,INV,2026-10-01,2,2026-10-05,-0.0612244897959184,-0.0627244897959184,-0.0657244897959184,up,2026-09-30,shadow_2026-10-01,
fresh_dcp_t1_ep_ge03_2d,2026-10-01,NEXR,2026-10-01,2,2026-10-05,-0.01,-0.0115,-0.014499999999999999,up,2026-09-30,shadow_2026-10-01,
fresh_dcp_t1_ep_ge03_2d,2026-10-01,RDW,2026-10-01,2,2026-10-05,0.0132450331125828,0.011745033112582801,0.0087450331125828,up,2026-09-30,shadow_2026-10-01,
fresh_dcp_t1_ep_ge03_2d,2026-10-01,WULF,2026-10-01,2,2026-10-05,0.0080482897384306,0.0065482897384306,0.0035482897384306,up,2026-09-30,shadow_2026-10-01,
fresh_dcp_t1_avoid_ah_3d,2026-10-01,ABNB,2026-10-01,3,2026-10-06,0.0004985355518166,-0.0010014644481834,-0.0040014644481834,up,2026-09-30,shadow_2026-10-01,
fresh_dcp_t1_avoid_ah_3d,2026-10-01,AIB,2026-10-01,3,2026-10-06,-0.0328947368421053,-0.034394736842105304,-0.03739473684210531,up,2026-09-30,shadow_2026-10-01,
fresh_dcp_t1_avoid_ah_3d,2026-10-01,BTDR,2026-10-01,3,2026-10-06,-0.025375939849624,-0.026875939849624,-0.029875939849624,up,2026-09-30,shadow_2026-10-01,
fresh_dcp_t1_avoid_ah_3d,2026-10-01,HOST,2026-10-01,3,2026-10-06,0.1314432989690721,0.12994329896907209,0.12694329896907208,up,2026-09-30,shadow_2026-10-01,
fresh_dcp_t1_avoid_ah_3d,2026-10-01,INV,2026-10-01,3,2026-10-06,-0.1632653061224489,-0.1647653061224489,-0.16776530612244892,up,2026-09-30,shadow_2026-10-01,
fresh_dcp_t1_avoid_ah_3d,2026-10-01,J,2026-10-01,3,2026-10-06,0.0040060090135203,0.0025060090135203,-0.0004939909864797002,up,2026-09-30,shadow_2026-10-01,
fresh_dcp_t1_avoid_ah_3d,2026-10-01,NEXR,2026-10-01,3,2026-10-06,-0.1200000000000001,-0.12150000000000011,-0.12450000000000011,up,2026-09-30,shadow_2026-10-01,
fresh_dcp_t1_avoid_ah_3d,2026-10-01,NMRK,2026-10-01,3,2026-10-06,0.0047430830039526,0.0032430830039526,0.0002430830039525998,up,2026-09-30,shadow_2026-10-01,
fresh_dcp_t1_avoid_ah_3d,2026-10-01,RDW,2026-10-01,3,2026-10-06,-0.0047303689687794,-0.0062303689687794005,-0.0092303689687794,up,2026-09-30,shadow_2026-10-01,
fpe_delta_t3_earn_today_3d,2026-10-02,ACN,2026-10-02,3,2026-10-07,0.0113624937154349,0.0098624937154349,0.0068624937154349005,up,2026-10-01,shadow_2026-10-02,
fpe_delta_t3_earn_today_3d,2026-10-02,DAL,2026-10-02,3,2026-10-07,0.0133190629087882,0.011819062908788201,0.0088190629087882,up,2026-10-01,shadow_2026-10-02,
fpe_delta_t3_earn_today_3d,2026-10-02,LEVI,2026-10-02,3,2026-10-07,0.0181177654755912,0.016617765475591198,0.013617765475591199,up,2026-10-01,shadow_2026-10-02,
fpe_delta_t3_earn_today_3d,2026-10-02,RELL,2026-10-02,3,2026-10-07,-0.0531858873091102,-0.0546858873091102,-0.0576858873091102,up,2026-10-01,shadow_2026-10-02,
fresh_dcp_t1_ep_ge03_2d,2026-10-02,JBL,2026-10-02,2,2026-10-06,-0.0157025064879601,-0.017202506487960102,-0.0202025064879601,up,2026-10-01,shadow_2026-10-02,
fresh_dcp_t1_avoid_ah_3d,2026-10-02,JBL,2026-10-02,3,2026-10-07,0.0162281133996912,0.0147281133996912,0.011728113399691199,up,2026-10-01,shadow_2026-10-02,
fpe_delta_t3_earn_today_3d,2026-10-05,DAL,2026-10-05,3,2026-10-08,0.0113143957631198,0.0098143957631198,0.0068143957631198,up,2026-10-02,shadow_2026-10-05,
fpe_delta_t3_earn_today_3d,2026-10-05,LEVI,2026-10-05,3,2026-10-08,0.0601874691662555,0.0586874691662555,0.0556874691662555,up,2026-10-02,shadow_2026-10-05,
fpe_delta_t3_earn_today_3d,2026-10-05,LW,2026-10-05,3,2026-10-08,-0.1097150549697105,-0.1112150549697105,-0.1142150549697105,up,2026-10-02,shadow_2026-10-05,
fpe_delta_t3_earn_today_3d,2026-10-05,PENG,2026-10-05,3,2026-10-08,-0.1788832152857846,-0.1803832152857846,-0.1833832152857846,up,2026-10-02,shadow_2026-10-05,
fpe_delta_t3_earn_today_3d,2026-10-05,RELL,2026-10-05,3,2026-10-08,-0.0633652822151222,-0.06486528221512221,-0.06786528221512221,up,2026-10-02,shadow_2026-10-05,
fpe_delta_t3_earn_today_3d,2026-10-05,WS,2026-10-05,3,2026-10-08,0.1150306748466257,0.1135306748466257,0.1105306748466257,up,2026-10-02,shadow_2026-10-05,
fpe_delta_t3_earn_today_3d,2026-10-06,AXIL,2026-10-06,3,2026-10-09,0.0745542949756887,0.0730542949756887,0.0700542949756887,down,2026-10-05,shadow_2026-10-06,plan_2026-10-06.csv
fpe_delta_t3_earn_today_3d,2026-10-06,DAL,2026-10-06,3,2026-10-09,0.0178101840784126,0.016310184078412598,0.013310184078412599,down,2026-10-05,shadow_2026-10-06,plan_2026-10-06.csv
fpe_delta_t3_earn_today_3d,2026-10-06,FBK,2026-10-06,3,2026-10-09,0.000189897455374,-0.001310102544626,-0.004310102544626,down,2026-10-05,shadow_2026-10-06,plan_2026-10-06.csv
fpe_delta_t3_earn_today_3d,2026-10-06,JPM,2026-10-06,3,2026-10-09,-0.0051617966674717,-0.0066617966674717005,-0.0096617966674717,down,2026-10-05,shadow_2026-10-06,plan_2026-10-06.csv
fpe_delta_t3_earn_today_3d,2026-10-06,LEVI,2026-10-06,3,2026-10-09,0.0891378470530931,0.0876378470530931,0.0846378470530931,down,2026-10-05,shadow_2026-10-06,plan_2026-10-06.csv
fpe_delta_t3_earn_today_3d,2026-10-06,LW,2026-10-06,3,2026-10-09,0.0008348987685242,-0.0006651012314758,-0.0036651012314758,down,2026-10-05,shadow_2026-10-06,plan_2026-10-06.csv
fpe_delta_t3_earn_today_3d,2026-10-06,NEOG,2026-10-06,3,2026-10-09,0.0091973244147157,0.007697324414715701,0.004697324414715701,down,2026-10-05,shadow_2026-10-06,plan_2026-10-06.csv
fpe_delta_t3_earn_today_3d,2026-10-06,PENG,2026-10-06,3,2026-10-09,-0.1879769506307429,-0.1894769506307429,-0.1924769506307429,down,2026-10-05,shadow_2026-10-06,plan_2026-10-06.csv
fpe_delta_t3_earn_today_3d,2026-10-06,RELL,2026-10-06,3,2026-10-09,-0.0913385826771653,-0.0928385826771653,-0.0958385826771653,down,2026-10-05,shadow_2026-10-06,plan_2026-10-06.csv
fpe_delta_t3_earn_today_3d,2026-10-06,UNH,2026-10-06,3,2026-10-09,-0.0079187925170067,-0.0094187925170067,-0.0124187925170067,down,2026-10-05,shadow_2026-10-06,plan_2026-10-06.csv
fpe_delta_t3_earn_today_3d,2026-10-06,WFC,2026-10-06,3,2026-10-09,-0.0250276039749723,-0.0265276039749723,-0.0295276039749723,down,2026-10-05,shadow_2026-10-06,plan_2026-10-06.csv
fpe_delta_t3_earn_today_3d,2026-10-06,WS,2026-10-06,3,2026-10-09,0.0560356114166011,0.0545356114166011,0.051535611416601096,down,2026-10-05,shadow_2026-10-06,plan_2026-10-06.csv
fresh_dcp_t1_ep_ge03_2d,2026-10-06,AIB,2026-10-06,2,2026-10-08,0.089171974522293,0.087671974522293,0.084671974522293,down,2026-10-05,shadow_2026-10-06,plan_2026-10-06.csv
fresh_dcp_t1_ep_ge03_2d,2026-10-06,RIVN,2026-10-06,2,2026-10-08,0.0124052377670571,0.0109052377670571,0.0079052377670571,down,2026-10-05,shadow_2026-10-06,plan_2026-10-06.csv
fresh_dcp_t1_avoid_ah_3d,2026-10-06,AIB,2026-10-06,3,2026-10-09,0.1146496815286625,0.1131496815286625,0.1101496815286625,down,2026-10-05,shadow_2026-10-06,plan_2026-10-06.csv
fresh_dcp_t1_avoid_ah_3d,2026-10-06,RIVN,2026-10-06,3,2026-10-09,0.0379048931771192,0.0364048931771192,0.0334048931771192,down,2026-10-05,shadow_2026-10-06,plan_2026-10-06.csv
fpe_delta_t3_earn_today_3d,2026-10-07,ASML,2026-10-07,3,,,,,,2026-10-06,shadow_2026-10-07,plan_2026-10-07.csv
fpe_delta_t3_earn_today_3d,2026-10-07,BAC,2026-10-07,3,,,,,,2026-10-06,shadow_2026-10-07,plan_2026-10-07.csv
fpe_delta_t3_earn_today_3d,2026-10-07,BLK,2026-10-07,3,,,,,,2026-10-06,shadow_2026-10-07,plan_2026-10-07.csv
fpe_delta_t3_earn_today_3d,2026-10-07,C,2026-10-07,3,,,,,,2026-10-06,shadow_2026-10-07,plan_2026-10-07.csv
fpe_delta_t3_earn_today_3d,2026-10-07,DAL,2026-10-07,3,,,,,,2026-10-06,shadow_2026-10-07,plan_2026-10-07.csv
fpe_delta_t3_earn_today_3d,2026-10-07,DPZ,2026-10-07,3,,,,,,2026-10-06,shadow_2026-10-07,plan_2026-10-07.csv
fpe_delta_t3_earn_today_3d,2026-10-07,FAST,2026-10-07,3,,,,,,2026-10-06,shadow_2026-10-07,plan_2026-10-07.csv
fpe_delta_t3_earn_today_3d,2026-10-07,FBK,2026-10-07,3,,,,,,2026-10-06,shadow_2026-10-07,plan_2026-10-07.csv
fpe_delta_t3_earn_today_3d,2026-10-07,GS,2026-10-07,3,,,,,,2026-10-06,shadow_2026-10-07,plan_2026-10-07.csv
fpe_delta_t3_earn_today_3d,2026-10-07,LEVI,2026-10-07,3,,,,,,2026-10-06,shadow_2026-10-07,plan_2026-10-07.csv
fpe_delta_t3_earn_today_3d,2026-10-07,LW,2026-10-07,3,,,,,,2026-10-06,shadow_2026-10-07,plan_2026-10-07.csv
fpe_delta_t3_earn_today_3d,2026-10-07,MS,2026-10-07,3,,,,,,2026-10-06,shadow_2026-10-07,plan_2026-10-07.csv
fpe_delta_t3_earn_today_3d,2026-10-07,PENG,2026-10-07,3,,,,,,2026-10-06,shadow_2026-10-07,plan_2026-10-07.csv
fpe_delta_t3_earn_today_3d,2026-10-07,PEP,2026-10-07,3,,,,,,2026-10-06,shadow_2026-10-07,plan_2026-10-07.csv
fpe_delta_t3_earn_today_3d,2026-10-07,RELL,2026-10-07,3,,,,,,2026-10-06,shadow_2026-10-07,plan_2026-10-07.csv
fpe_delta_t3_earn_today_3d,2026-10-07,UNH,2026-10-07,3,,,,,,2026-10-06,shadow_2026-10-07,plan_2026-10-07.csv
fpe_delta_t3_earn_today_3d,2026-10-07,WFC,2026-10-07,3,,,,,,2026-10-06,shadow_2026-10-07,plan_2026-10-07.csv
fpe_delta_t3_earn_today_3d,2026-10-07,WS,2026-10-07,3,,,,,,2026-10-06,shadow_2026-10-07,plan_2026-10-07.csv
fresh_dcp_t1_ep_ge03_2d,2026-10-07,GCDT,2026-10-07,2,2026-10-09,0.3150684931506849,0.3135684931506849,0.3105684931506849,down,2026-10-06,shadow_2026-10-07,plan_2026-10-07.csv
fresh_dcp_t1_ep_ge03_2d,2026-10-07,GLXY,2026-10-07,2,2026-10-09,0.05,0.0485,0.0455,down,2026-10-06,shadow_2026-10-07,plan_2026-10-07.csv
fresh_dcp_t1_ep_ge03_2d,2026-10-07,NOK,2026-10-07,2,2026-10-09,0.0244821092278719,0.0229821092278719,0.0199821092278719,down,2026-10-06,shadow_2026-10-07,plan_2026-10-07.csv
fresh_dcp_t1_ep_ge03_2d,2026-10-07,PWCM,2026-10-07,2,2026-10-09,0.1485148514851485,0.1470148514851485,0.1440148514851485,down,2026-10-06,shadow_2026-10-07,plan_2026-10-07.csv
fresh_dcp_t1_ep_ge03_2d,2026-10-07,SPWR,2026-10-07,2,2026-10-09,0.0344827586206895,0.0329827586206895,0.0299827586206895,down,2026-10-06,shadow_2026-10-07,plan_2026-10-07.csv
fresh_dcp_t1_avoid_ah_3d,2026-10-07,GCDT,2026-10-07,3,,,,,,2026-10-06,shadow_2026-10-07,plan_2026-10-07.csv
fresh_dcp_t1_avoid_ah_3d,2026-10-07,ONDS,2026-10-07,3,,,,,,2026-10-06,shadow_2026-10-07,plan_2026-10-07.csv
fresh_dcp_t1_avoid_ah_3d,2026-10-07,PWCM,2026-10-07,3,,,,,,2026-10-06,shadow_2026-10-07,plan_2026-10-07.csv
fresh_dcp_t1_avoid_ah_3d,2026-10-07,RDW,2026-10-07,3,,,,,,2026-10-06,shadow_2026-10-07,plan_2026-10-07.csv
fresh_dcp_t1_avoid_ah_3d,2026-10-07,SPWR,2026-10-07,3,,,,,,2026-10-06,shadow_2026-10-07,plan_2026-10-07.csv
fpe_delta_t3_earn_today_3d,2026-10-08,BLK,2026-10-08,3,,,,,,2026-10-07,shadow_2026-10-08,plan_2026-10-08.csv
fpe_delta_t3_earn_today_3d,2026-10-08,CMC,2026-10-08,3,,,,,,2026-10-07,shadow_2026-10-08,plan_2026-10-08.csv
fpe_delta_t3_earn_today_3d,2026-10-08,DAL,2026-10-08,3,,,,,,2026-10-07,shadow_2026-10-08,plan_2026-10-08.csv
fpe_delta_t3_earn_today_3d,2026-10-08,DPZ,2026-10-08,3,,,,,,2026-10-07,shadow_2026-10-08,plan_2026-10-08.csv
fpe_delta_t3_earn_today_3d,2026-10-08,ERIC,2026-10-08,3,,,,,,2026-10-07,shadow_2026-10-08,plan_2026-10-08.csv
fpe_delta_t3_earn_today_3d,2026-10-08,JNJ,2026-10-08,3,,,,,,2026-10-07,shadow_2026-10-08,plan_2026-10-08.csv
fpe_delta_t3_earn_today_3d,2026-10-08,MRSH,2026-10-08,3,,,,,,2026-10-07,shadow_2026-10-08,plan_2026-10-08.csv
fpe_delta_t3_earn_today_3d,2026-10-08,PGR,2026-10-08,3,,,,,,2026-10-07,shadow_2026-10-08,plan_2026-10-08.csv
fpe_delta_t3_earn_today_3d,2026-10-08,RELL,2026-10-08,3,,,,,,2026-10-07,shadow_2026-10-08,plan_2026-10-08.csv
fpe_delta_t3_earn_today_3d,2026-10-08,UNH,2026-10-08,3,,,,,,2026-10-07,shadow_2026-10-08,plan_2026-10-08.csv
fpe_delta_t3_earn_today_3d,2026-10-08,WSE,2026-10-08,3,,,,,,2026-10-07,shadow_2026-10-08,plan_2026-10-08.csv
fresh_dcp_t1_avoid_ah_3d,2026-10-08,AIB,2026-10-08,3,,,,,,2026-10-07,shadow_2026-10-08,plan_2026-10-08.csv
fpe_delta_t3_earn_today_3d,2026-10-09,BLK,2026-10-09,3,,,,,,2026-10-08,shadow_2026-10-09,plan_2026-10-09.csv
fpe_delta_t3_earn_today_3d,2026-10-09,DAL,2026-10-09,3,,,,,,2026-10-08,shadow_2026-10-09,plan_2026-10-09.csv
fpe_delta_t3_earn_today_3d,2026-10-09,DPZ,2026-10-09,3,,,,,,2026-10-08,shadow_2026-10-09,plan_2026-10-09.csv
fpe_delta_t3_earn_today_3d,2026-10-09,ERIC,2026-10-09,3,,,,,,2026-10-08,shadow_2026-10-09,plan_2026-10-09.csv
fpe_delta_t3_earn_today_3d,2026-10-09,FBK,2026-10-09,3,,,,,,2026-10-08,shadow_2026-10-09,plan_2026-10-09.csv
fpe_delta_t3_earn_today_3d,2026-10-09,JBHT,2026-10-09,3,,,,,,2026-10-08,shadow_2026-10-09,plan_2026-10-09.csv
fpe_delta_t3_earn_today_3d,2026-10-09,JNJ,2026-10-09,3,,,,,,2026-10-08,shadow_2026-10-09,plan_2026-10-09.csv
fpe_delta_t3_earn_today_3d,2026-10-09,MAN,2026-10-09,3,,,,,,2026-10-08,shadow_2026-10-09,plan_2026-10-09.csv
fpe_delta_t3_earn_today_3d,2026-10-09,MRSH,2026-10-09,3,,,,,,2026-10-08,shadow_2026-10-09,plan_2026-10-09.csv
fpe_delta_t3_earn_today_3d,2026-10-09,PEP,2026-10-09,3,,,,,,2026-10-08,shadow_2026-10-09,plan_2026-10-09.csv
fpe_delta_t3_earn_today_3d,2026-10-09,PGR,2026-10-09,3,,,,,,2026-10-08,shadow_2026-10-09,plan_2026-10-09.csv
fpe_delta_t3_earn_today_3d,2026-10-09,PLD,2026-10-09,3,,,,,,2026-10-08,shadow_2026-10-09,plan_2026-10-09.csv
fpe_delta_t3_earn_today_3d,2026-10-09,RF,2026-10-09,3,,,,,,2026-10-08,shadow_2026-10-09,plan_2026-10-09.csv
fpe_delta_t3_earn_today_3d,2026-10-09,TRV,2026-10-09,3,,,,,,2026-10-08,shadow_2026-10-09,plan_2026-10-09.csv
fpe_delta_t3_earn_today_3d,2026-10-09,WFC,2026-10-09,3,,,,,,2026-10-08,shadow_2026-10-09,plan_2026-10-09.csv
fpe_delta_t3_earn_today_3d,2026-10-09,WSE,2026-10-09,3,,,,,,2026-10-08,shadow_2026-10-09,plan_2026-10-09.csv
fresh_dcp_t1_ep_ge03_2d,2026-10-09,FNGR,2026-10-09,2,,,,,,2026-10-08,shadow_2026-10-09,plan_2026-10-09.csv
fresh_dcp_t1_avoid_ah_3d,2026-10-09,FNGR,2026-10-09,3,,,,,,2026-10-08,shadow_2026-10-09,plan_2026-10-09.csv
