date,ticker,change_pct,chg_open_pct,gap_pct,relvol,sector,price,avg_vol,mcap,company
2026-08-13,CLBT,-29.18,4.65,-32.33,18.61,Technology,10.8,1968890.0,2693.95,Cellebrite DI Ltd
2026-08-13,SECZ,-27.48,-2.56,-25.57,5.74,Technology,5.7,1125870.0,930.62,Securitize Corp
2026-08-13,LFTO,-20.59,-15.86,-5.62,3.0,Communication Services,20.06,1074970.0,3339.6,Liftoff Mobile Inc
2026-08-13,REZI,-20.42,-8.04,-13.46,3.41,Industrials,20.46,2308970.0,3098.18,Resideo Technologies Inc
2026-08-13,TPR,-16.49,-3.25,-13.69,3.31,Consumer Cyclical,128.39,2567360.0,25940.52,Tapestry Inc
2026-08-13,BSP,-16.46,-12.62,-4.39,1.4,Technology,40.92,3317220.0,25993.17,Bending Spoons S.p.A
2026-08-13,AOSL,-15.6,2.27,-17.48,1.96,Technology,30.62,788920.0,916.45,Alpha & Omega Semiconductor Ltd
2026-08-13,ABEO,-14.95,4.19,-18.36,3.87,Healthcare,6.34,1257700.0,361.63,Abeona Therapeutics Inc
2026-08-13,FRMI,-13.16,-7.04,-6.58,1.74,Real Estate,6.6,19893810.0,4207.99,Fermi Inc
2026-08-13,CBRS,-11.85,5.0,-16.05,2.29,Technology,231.01,7209240.0,64045.33,Cerebras Systems Inc
2026-08-13,AEVA,-10.89,-10.21,-0.76,0.81,Technology,22.42,2258030.0,1562.81,Aeva Technologies Inc
2026-08-13,YETI,-10.56,-1.15,-9.52,5.37,Consumer Cyclical,45.47,1391110.0,3444.73,YETI Holdings Inc
2026-08-13,STUB,-10.07,8.94,-17.45,3.34,Communication Services,7.68,7030150.0,2883.35,Stubhub Holdings Inc
2026-08-13,PAAS,-9.7,-1.46,-8.36,2.07,Basic Materials,47.3,4524350.0,19929.85,Pan American Silver Corp
2026-08-13,LWLG,-8.99,-7.6,-1.5,0.63,Basic Materials,7.29,5133950.0,1123.24,Lightwave Logic Inc
2026-08-14,TSSI,-19.06,4.99,-22.91,3.06,Technology,9.68,1061220.0,271.75,TSS Inc
2026-08-14,ADIG,-17.74,-16.9,-1.01,1.96,Technology,21.24,1281150.0,1608.96,ADI Global Distribution Inc
2026-08-14,BLSH,-11.24,-11.02,-0.25,1.91,Technology,24.39,1619020.0,3665.87,Bullish
2026-08-14,JACK,-9.22,-8.39,-0.91,1.63,Consumer Cyclical,17.03,1014150.0,326.62,Jack In The Box Inc
2026-08-14,GLOB,-8.81,-2.17,-6.78,3.03,Technology,37.38,2051130.0,1614.05,Globant SA
2026-08-14,UCTT,-8.59,-2.01,-6.72,1.38,Technology,84.93,1390020.0,3845.38,Ultra Clean Hldgs Inc
2026-08-14,DUOL,-7.82,-7.37,-0.49,0.78,Technology,132.83,1357920.0,6214.58,Duolingo Inc
2026-08-14,XE,-7.72,-9.12,1.54,1.14,Industrials,20.98,5062180.0,8523.53,X-Energy Inc
2026-08-14,VIK,-7.65,-7.54,-0.12,1.93,Consumer Cyclical,97.99,2739090.0,43718.93,Viking Holdings Ltd
2026-08-14,WIX,-7.41,-4.96,-2.57,1.18,Technology,74.13,1768830.0,3102.3,Wix.com Ltd
2026-08-14,ASAN,-7.4,-7.11,-0.3,1.02,Technology,9.14,5945320.0,2106.86,Asana Inc
2026-08-14,SPRY,-7.38,10.78,-16.39,2.48,Healthcare,5.65,2033860.0,561.06,ARS Pharmaceuticals Inc
2026-08-14,CRMD,-7.37,-6.34,-1.11,1.98,Healthcare,7.54,1362740.0,591.53,CorMedix Inc
2026-08-14,MNDY,-7.18,-6.91,-0.29,0.74,Technology,87.52,1659520.0,3699.83,Monday.Com Ltd
2026-08-14,QNT,-7.18,-7.04,-0.15,0.8,Technology,63.58,3242980.0,16508.87,Quantinuum Inc
2026-08-17,STUB,-11.88,-9.99,-2.1,1.63,Communication Services,7.12,7090140.0,2673.11,Stubhub Holdings Inc
2026-08-17,UMAC,-11.48,-7.37,-4.43,1.35,Technology,30.15,6076750.0,1506.19,Unusual Machines Inc
2026-08-17,LFTO,-9.63,-7.0,-2.82,1.21,Communication Services,19.53,1144380.0,3307.04,Liftoff Mobile Inc
2026-08-17,GRRR,-8.67,-5.97,-2.87,0.73,Technology,14.95,1517770.0,414.97,Gorilla Technology Group Inc
2026-08-17,SION,-8.51,-8.66,0.15,1.84,Healthcare,5.91,1585830.0,267.2,Sionna Therapeutics Inc
2026-08-17,FRVO,-8.4,-7.13,-1.37,2.03,Utilities,18.1,3237210.0,5333.07,Fervo Energy Co
2026-08-17,WING,-8.25,-6.78,-1.58,1.34,Consumer Cyclical,115.72,1256430.0,3152.51,Wingstop Inc
2026-08-17,STAA,-7.98,-7.2,-0.84,1.75,Healthcare,24.09,880240.0,1207.97,Staar Surgical Co
2026-08-17,TENB,-7.93,-5.69,-2.37,0.81,Technology,35.29,3645700.0,3886.84,Tenable Holdings Inc
2026-08-17,ACVA,-7.86,-7.24,-0.67,1.46,Consumer Cyclical,7.62,3666190.0,1293.93,ACV Auctions Inc
2026-08-17,ODD,-7.78,-3.82,-4.12,0.88,Consumer Defensive,12.09,1397640.0,557.64,ODDITY Tech Ltd
2026-08-17,RDDT,-7.63,-7.33,-0.33,6.98,Communication Services,164.5,5414630.0,31649.23,Reddit Inc
2026-08-17,AMPX,-7.43,-5.47,-2.08,0.87,Industrials,11.58,7510240.0,1691.61,Amprius Technologies Inc
2026-08-17,GENI,-7.4,-6.05,-1.43,0.58,Communication Services,7.76,6768370.0,2076.1,Genius Sports Limited
2026-08-17,CVNA,-7.28,-6.06,-1.3,0.7,Consumer Cyclical,70.09,10656910.0,77131.5,Carvana Co
2026-08-18,KLAR,-22.81,-3.83,-19.73,7.4,Financial,15.06,4644530.0,5685.3,Klarna Group plc
2026-08-18,FN,-19.38,-6.06,-14.18,3.3,Technology,482.59,954850.0,17291.08,Fabrinet
2026-08-18,VNET,-16.92,-6.0,-11.62,2.98,Technology,6.58,5525080.0,1839.5,VNET Group Inc ADR
2026-08-18,AEHR,-15.36,-9.09,-6.89,1.28,Technology,123.25,2512180.0,4020.47,Aehr Test Systems
2026-08-18,AAOI,-15.16,-10.12,-5.61,1.19,Technology,131.41,12119340.0,11113.24,Applied Optoelectronics Inc
2026-08-18,MXL,-14.31,-8.17,-6.69,0.68,Technology,72.63,3991120.0,6587.04,MaxLinear Inc
2026-08-18,AXTI,-14.23,-7.2,-7.58,1.54,Technology,82.31,10369910.0,5397.33,AXT Inc
2026-08-18,CRDO,-13.03,-7.85,-5.62,0.97,Technology,245.97,7941940.0,45867.97,Credo Technology Group Holding Ltd
2026-08-18,CIFR,-13.0,-8.19,-5.24,1.93,Technology,16.09,27575200.0,6679.92,Cipher Digital Inc
2026-08-18,COHR,-12.75,-5.6,-7.58,1.58,Technology,306.43,6048130.0,60008.87,Coherent Corp
2026-08-18,BIDU,-12.73,-3.69,-9.38,6.93,Communication Services,90.87,2336930.0,25282.76,Baidu Inc ADR
2026-08-18,CBRS,-12.69,-8.19,-4.89,1.89,Technology,220.01,7023290.0,49248.91,Cerebras Systems Inc
2026-08-18,EROC,-12.53,-11.1,-1.61,1.29,Industrials,15.22,2716400.0,3339.27,ERock Inc
2026-08-18,SMTC,-12.31,-7.3,-5.41,1.14,Technology,135.23,3461670.0,12596.83,Semtech Corp
2026-08-18,CRWV,-12.1,-8.12,-4.34,1.23,Technology,93.17,30080110.0,51386.66,CoreWeave Inc
2026-08-19,WYFI,-21.02,-3.39,-18.25,6.79,Technology,21.38,2308240.0,830.57,Whitefiber Inc
2026-08-19,AEHR,-12.41,-12.68,0.32,1.17,Technology,107.96,2500770.0,3521.7,Aehr Test Systems
2026-08-19,BLZE,-12.08,0.78,-12.76,2.04,Technology,16.88,3267790.0,1044.87,Backblaze Inc
2026-08-19,FSLY,-11.02,-11.82,0.9,1.09,Technology,23.66,6199270.0,3769.04,Fastly Inc
2026-08-19,AXTI,-10.79,-13.1,2.66,1.45,Technology,73.43,10439120.0,4815.04,AXT Inc
2026-08-19,VICR,-10.34,-10.19,-0.17,1.7,Technology,217.35,863950.0,10021.3,Vicor Corp
2026-08-19,NBIS,-9.87,-3.62,-6.48,2.4,Technology,223.9,20824720.0,60868.38,Nebius Group NV
2026-08-19,PENG,-9.27,-9.0,-0.29,0.5,Technology,52.95,3489740.0,2713.3,Penguin Solutions Inc
2026-08-19,MXL,-8.54,-10.77,2.51,0.72,Technology,66.43,3967320.0,6024.75,MaxLinear Inc
2026-08-19,UCTT,-8.32,-9.71,1.54,0.84,Technology,75.01,1402170.0,3396.23,Ultra Clean Hldgs Inc
2026-08-19,ACMR,-8.04,-8.72,0.75,0.74,Technology,77.59,1508460.0,5404.08,ACM Research Inc
2026-08-19,VOYG,-8.03,-7.35,-0.73,0.72,Industrials,38.85,2298020.0,2370.98,Voyager Technologies Inc
2026-08-19,STX,-7.87,-8.65,0.85,1.25,Technology,832.56,4733050.0,188695.15,Seagate Technology Holdings Plc
2026-08-19,MTSI,-7.82,-9.19,1.51,1.07,Technology,269.98,1678880.0,20618.62,MACOM Technology Solutions Holdings Inc
2026-08-19,VIK,-7.65,-8.1,0.49,2.02,Consumer Cyclical,90.77,2681930.0,40497.68,Viking Holdings Ltd
2026-08-20,AAP,-24.55,-9.52,-16.61,8.82,Consumer Cyclical,42.39,1886070.0,2556.11,Advance Auto Parts Inc
2026-08-20,MRNA,-23.55,-11.2,-13.9,9.84,Healthcare,133.32,9934130.0,53226.13,Moderna Inc
2026-08-20,CAPR,-14.35,-10.77,-4.01,1.69,Healthcare,6.84,4733040.0,397.38,Capricor Therapeutics Inc
2026-08-20,EYPT,-14.29,-12.62,-1.9,2.78,Healthcare,5.4,2657990.0,465.55,EyePoint Inc
2026-08-20,SPRY,-13.71,-12.62,-1.25,1.03,Healthcare,5.51,2047920.0,547.45,ARS Pharmaceuticals Inc
2026-08-20,SION,-11.68,-11.96,0.32,1.03,Healthcare,5.52,1680880.0,249.57,Sionna Therapeutics Inc
2026-08-20,ALOY,-11.51,-8.21,-3.6,1.02,Basic Materials,11.07,2990190.0,763.7,REalloys Inc
2026-08-20,AADX,-10.25,-10.09,-0.17,1.89,Industrials,15.5,1648090.0,2672.1,Applied Aerospace & Defense Inc
2026-08-20,BIOA,-9.86,-8.93,-1.02,0.93,Healthcare,9.69,834430.0,444.74,BioAge Labs Inc
2026-08-20,DNA,-9.73,-6.58,-3.37,1.22,Healthcare,6.96,1161280.0,468.69,Ginkgo Bioworks Holdings Inc
2026-08-20,YSS,-9.63,-7.91,-1.87,2.57,Industrials,9.2,2128250.0,1263.69,York Space Systems Inc
2026-08-20,EVMN,-9.59,-8.06,-1.67,0.97,Healthcare,13.57,792420.0,492.48,Evommune Inc
2026-08-20,FCEL,-9.56,-9.15,-0.44,0.92,Industrials,18.36,11753430.0,1467.96,Fuelcell Energy Inc
2026-08-20,WOLF,-9.42,-0.57,-8.9,1.65,Technology,26.35,5889100.0,1369.47,Wolfspeed Inc
2026-08-20,EROC,-9.4,-7.99,-1.53,1.36,Industrials,13.01,2750630.0,2854.4,ERock Inc
2026-08-21,SA,-9.35,-12.81,3.97,3.88,Basic Materials,30.16,777010.0,3253.36,Seabridge Gold Inc
2026-08-21,DQ,-9.35,-9.47,0.13,1.69,Technology,13.58,970290.0,918.96,Daqo New Energy Corp ADR
2026-08-21,HUT,-8.79,-12.5,4.24,2.14,Financial,80.86,4455290.0,9966.76,Hut 8 Corp
2026-08-21,BABA,-8.57,-4.79,-3.97,2.66,Consumer Cyclical,119.34,11999060.0,286042.46,Alibaba Group Holding Ltd ADR
2026-08-21,CIFR,-8.4,-10.02,1.8,1.92,Technology,15.77,28684610.0,6542.96,Cipher Digital Inc
2026-08-21,CCOI,-8.39,-9.12,0.8,1.29,Communication Services,9.17,1435030.0,469.65,Cogent Communications Holdings Inc
2026-08-21,CAPR,-7.97,-7.64,-0.37,1.69,Healthcare,6.29,4845710.0,365.69,Capricor Therapeutics Inc
2026-08-21,IOVA,-7.79,-8.7,1.0,1.66,Healthcare,8.29,16687960.0,3755.13,Iovance Biotherapeutics Inc
2026-08-21,BKV,-7.28,-7.07,-0.23,2.14,Energy,24.2,854400.0,2648.4,BKV Corp
2026-08-21,CBRS,-6.54,-6.46,-0.08,1.1,Technology,196.13,6987590.0,43903.42,Cerebras Systems Inc
2026-08-21,ADIG,-6.51,-6.01,-0.53,0.7,Technology,21.12,1395490.0,1603.49,ADI Global Distribution Inc
2026-08-21,ABTC,-6.38,-8.43,2.24,2.74,Financial,7.93,1328220.0,577.46,American Bitcoin Corp
2026-08-21,MRVL,-5.57,-6.08,0.55,0.61,Technology,237.04,41081110.0,207591.66,Marvell Technology Inc
2026-08-21,RIOT,-5.48,-8.47,3.27,1.47,Financial,19.83,18520800.0,7441.38,Riot Platforms Inc
2026-08-21,BHC,-5.43,-5.29,-0.15,1.16,Healthcare,6.44,3410780.0,2408.5,Bausch Health Companies Inc
2026-08-24,RGNX,-24.86,-2.83,-22.67,2.83,Healthcare,8.06,1920890.0,531.74,Regenxbio Inc
2026-08-24,AAOI,-13.77,-1.37,-12.57,1.23,Technology,107.63,12189450.0,9102.18,Applied Optoelectronics Inc
2026-08-24,AZTA,-12.09,-1.32,-10.91,2.46,Healthcare,32.88,772130.0,1440.42,Azenta Inc
2026-08-24,ALOY,-11.28,-6.81,-4.8,0.88,Basic Materials,11.09,3034230.0,765.08,REalloys Inc
2026-08-24,INOD,-11.03,-9.06,-2.16,1.48,Technology,57.13,1440400.0,1964.28,Innodata Inc
2026-08-24,UMAC,-10.43,-7.63,-3.03,0.75,Technology,24.57,6234120.0,1227.43,Unusual Machines Inc
2026-08-24,NN,-10.03,-8.46,-1.71,1.02,Technology,15.79,2709190.0,2665.51,NextNav Inc
2026-08-24,AEVA,-10.01,-7.11,-3.12,0.81,Technology,16.46,2153520.0,1147.36,Aeva Technologies Inc
2026-08-24,ASTS,-9.18,-6.59,-2.77,0.62,Technology,62.35,19496090.0,24264.59,AST SpaceMobile Inc
2026-08-24,LUNR,-9.06,-5.66,-3.6,0.58,Industrials,16.66,13008180.0,2886.01,Intuitive Machines Inc
2026-08-24,TEM,-8.97,-5.57,-3.6,1.8,Healthcare,66.17,6587230.0,11939.36,Tempus AI Inc
2026-08-24,AUR,-8.81,-8.08,-0.8,1.41,Consumer Cyclical,5.69,28391390.0,11403.67,Aurora Innovation Inc
2026-08-24,RGTI,-8.6,-6.43,-2.32,0.63,Technology,16.37,34309050.0,5463.8,Rigetti Computing Inc
2026-08-24,FRVO,-8.57,-8.84,0.3,1.41,Utilities,15.47,3053910.0,4559.98,Fervo Energy Co
2026-08-24,XPEV,-8.53,-5.75,-2.95,3.64,Consumer Cyclical,11.15,7243220.0,8721.98,XPeng Inc ADR
2026-08-25,DKS,-30.68,-12.68,-20.62,27.23,Consumer Cyclical,124.31,1416250.0,11126.11,Dicks Sporting Goods Inc
2026-08-25,GRRR,-11.31,0.86,-12.07,1.68,Technology,14.04,1542010.0,389.71,Gorilla Technology Group Inc
2026-08-25,BBWI,-8.29,-8.25,-0.05,2.11,Consumer Cyclical,17.58,5777640.0,3543.46,Bath & Body Works Inc
2026-08-25,REF,-8.01,-8.26,0.28,0.48,Consumer Cyclical,13.32,758420.0,786.95,Reformation Inc
2026-08-25,BETA,-7.26,-7.87,0.67,1.58,Industrials,22.11,1648480.0,5172.43,BETA Technologies Inc
2026-08-25,LYNX,-6.79,-6.97,0.2,0.31,Industrials,14.01,3661640.0,1624.45,Lyntris Inc
2026-08-25,SSL,-6.68,-2.55,-4.24,0.99,Basic Materials,11.45,1398130.0,7300.86,Sasol Ltd ADR
2026-08-25,JACK,-6.34,-5.97,-0.39,0.46,Consumer Cyclical,16.7,987050.0,320.3,Jack In The Box Inc
2026-08-25,ALB,-5.89,-2.29,-3.68,0.97,Basic Materials,133.18,2334270.0,15715.92,Albemarle Corp
2026-08-25,ASO,-5.8,-2.46,-3.42,2.24,Consumer Cyclical,43.47,1542950.0,2696.25,Academy Sports and Outdoors Inc
2026-08-25,JMKE,-5.61,-5.29,-0.34,0.39,Consumer Cyclical,22.21,5220080.0,7054.76,Jersey Mike's Subs Inc
2026-08-25,WSC,-5.59,-7.32,1.86,0.84,Industrials,21.27,2368990.0,3853.93,WillScot Holdings Corp
2026-08-25,RBRK,-5.5,-5.44,-0.06,1.03,Technology,92.65,3621220.0,19069.99,Rubrik Inc
2026-08-25,MH,-5.3,-4.26,-1.09,0.59,Consumer Defensive,13.04,815300.0,2494.66,McGraw Hill Inc
2026-08-25,MMED,-5.12,-5.16,0.05,0.95,Healthcare,18.92,1155890.0,5313.55,MiniMed Group Inc
2026-08-26,GENB,-20.8,-19.3,-1.86,4.27,Healthcare,16.14,901290.0,2071.61,Generate Biomedicines Inc
2026-08-26,QFIN,-18.91,-4.2,-15.35,6.6,Financial,9.35,1711060.0,1139.86,Qfin Holdings Inc ADR
2026-08-26,JEM,-16.56,8.41,-23.03,0.35,Consumer Cyclical,5.67,1445700.0,,707 Cayman Holdings Ltd
2026-08-26,ADBT,-13.58,4.24,-17.09,0.47,Technology,5.41,1122020.0,2635.02,Advasa Holdings Inc
2026-08-26,SYRE,-12.81,1.29,-13.93,2.52,Healthcare,93.61,1236110.0,8253.51,Spyre Therapeutics Inc
2026-08-26,ABTC,-11.47,-7.47,-4.33,1.16,Financial,8.18,1421920.0,595.66,American Bitcoin Corp
2026-08-26,CLYM,-9.87,-9.26,-0.67,1.05,Healthcare,16.08,1327090.0,923.57,Climb Bio Inc
2026-08-26,FIGR,-9.87,-8.44,-1.56,1.3,Financial,37.08,3957980.0,8289.8,Figure Technology Solutions Inc
2026-08-26,MNRO,-9.67,-9.93,0.29,0.96,Consumer Cyclical,12.61,1239760.0,394.24,Monro Inc
2026-08-26,QBTS,-9.51,-6.51,-3.2,1.09,Technology,17.51,24288130.0,6521.42,D-Wave Quantum Inc
2026-08-26,SNAP,-8.45,-9.21,0.84,1.67,Communication Services,5.42,41688750.0,9166.29,Snap Inc
2026-08-26,RUM,-8.36,-6.9,-1.56,1.41,Communication Services,9.38,3620330.0,3750.19,RUM Group Inc
2026-08-26,ZM,-7.03,-1.44,-5.67,2.0,Technology,93.83,3643230.0,27513.98,Zoom Communications Inc
2026-08-26,CHWY,-6.97,-6.24,-0.77,0.95,Consumer Cyclical,22.97,8736560.0,9404.47,Chewy Inc
2026-08-26,APLD,-6.86,-5.69,-1.25,0.68,Technology,26.87,19555530.0,7831.77,Applied Digital Corp
2026-08-28,LPTH,-18.56,-11.23,-8.27,2.79,Technology,11.23,3167270.0,745.24,Lightpath Technologies Inc
2026-08-28,BRUN,-17.27,-15.59,-1.99,1.8,Technology,17.05,2026300.0,1429.56,Boost Run Inc
2026-08-28,SLS,-13.15,-10.56,-2.89,1.13,Healthcare,13.21,8693400.0,2667.7,SELLAS Life Sciences Group Inc
2026-08-28,RBRK,-13.05,-5.96,-7.54,2.56,Technology,93.05,3682670.0,19152.32,Rubrik Inc
2026-08-28,PYPL,-12.71,-0.14,-12.58,2.31,Financial,53.66,15707060.0,45904.03,PayPal Holdings Inc
2026-08-28,IREN,-12.53,-5.83,-7.12,2.0,Financial,35.45,44907030.0,12650.6,IREN Ltd
2026-08-28,AXTI,-12.39,-10.2,-2.44,0.8,Technology,58.63,10373560.0,3844.56,AXT Inc
2026-08-28,ABTC,-12.21,-10.69,-1.71,1.56,Financial,7.69,1459650.0,559.98,American Bitcoin Corp
2026-08-28,FWDI,-11.56,-12.48,1.05,2.98,Financial,5.89,1391380.0,434.96,Forward Industries Inc
2026-08-28,SHAZ,-11.55,-6.88,-5.02,1.45,Technology,52.37,1787140.0,1875.03,SharonAI Holdings Inc
2026-08-28,CRML,-11.44,-10.89,-0.62,1.36,Basic Materials,7.12,6597960.0,1045.85,Critical Metals Corp
2026-08-28,LTRX,-10.95,-9.14,-1.99,1.91,Technology,5.37,1219760.0,239.55,Lantronix Inc
2026-08-28,AEHR,-10.67,-8.69,-2.17,0.93,Technology,80.81,2462870.0,2636.06,Aehr Test Systems
2026-08-28,INFQ,-10.61,-8.11,-2.72,0.64,Technology,12.8,13859050.0,2884.57,Infleqtion Inc
2026-08-28,MRVL,-10.28,-3.83,-6.71,1.22,Technology,216.62,40215570.0,189708.52,Marvell Technology Inc
2026-08-31,EIX,-23.07,-3.11,-20.61,8.59,Utilities,53.98,2881530.0,20772.26,Edison International
2026-08-31,PCG,-20.06,0.08,-20.12,6.83,Utilities,13.27,22560770.0,29225.45,PG&E Corp
2026-08-31,HLF,-11.58,-3.0,-8.85,3.45,Consumer Defensive,10.99,1594930.0,1151.79,Herbalife Ltd
2026-08-31,LPTH,-10.42,-9.37,-1.16,1.68,Technology,10.06,3223180.0,667.59,Lightpath Technologies Inc
2026-08-31,LIND,-10.24,-10.54,0.34,1.41,Consumer Cyclical,26.56,890210.0,1742.86,Lindblad Expeditions Holdings Inc
2026-08-31,AON,-9.53,-5.44,-4.33,1.75,Financial,321.52,1393140.0,68202.57,Aon Plc
2026-08-31,KRMN,-9.04,-8.34,-0.77,1.21,Industrials,41.45,3516640.0,5493.52,Karman Holdings Inc
2026-08-31,HWM,-7.51,-1.33,-6.27,3.61,Industrials,244.95,2665640.0,97686.4,Howmet Aerospace Inc
2026-08-31,DXYZ,-7.51,-3.14,-4.52,0.67,Financial,32.13,2493480.0,979.0,Destiny Tech100 Inc
2026-08-31,VNET,-7.48,-7.48,0.0,1.06,Technology,6.06,5153080.0,1694.13,VNET Group Inc ADR
2026-08-31,GENI,-7.48,-6.67,-0.87,0.75,Communication Services,7.42,6423560.0,2059.99,Genius Sports Limited
2026-08-31,HSAI,-7.46,-4.22,-3.39,1.06,Consumer Cyclical,16.12,1809910.0,2097.86,Hesai Group ADR
2026-08-31,FUN,-7.21,-5.52,-1.79,1.11,Consumer Cyclical,15.05,2206900.0,1539.86,Six Flags Entertainment Corp
2026-08-31,SSTK,-7.2,-4.97,-2.35,1.56,Communication Services,5.54,1103130.0,204.69,Shutterstock Inc
2026-08-31,TKC,-6.85,2.44,-9.07,3.9,Communication Services,5.03,2207370.0,4381.03,Turkcell Iletisim Hizmetleri A.S ADR
2026-09-01,ALMS,-56.58,-4.63,-54.47,21.9,Healthcare,9.47,1294740.0,1264.2,Alumis Inc
2026-09-01,ENOV,-16.51,-16.17,-0.41,3.78,Healthcare,20.53,1118270.0,1183.95,Enovis Corp
2026-09-01,RPD,-10.77,-7.19,-3.86,0.86,Technology,12.01,2373160.0,809.48,Rapid7 Inc
2026-09-01,OSW,-10.43,-9.56,-0.97,1.78,Consumer Cyclical,22.24,893700.0,2257.33,OneSpaWorld Holdings Limited
2026-09-01,SPIR,-9.42,-7.61,-1.96,0.94,Industrials,12.02,985640.0,488.28,Spire Global Inc
2026-09-01,IE,-9.31,-4.93,-4.61,1.03,Basic Materials,10.03,2188580.0,1600.69,Ivanhoe Electric Inc
2026-09-01,BW,-9.28,-6.43,-3.05,1.86,Industrials,6.84,4296480.0,1018.92,Babcock & Wilcox Enterprises Inc
2026-09-01,SN,-9.13,-7.93,-1.3,1.65,Consumer Cyclical,174.92,1683510.0,24641.26,SharkNinja Inc
2026-09-01,FSLY,-8.86,-8.1,-0.83,0.68,Technology,20.77,5993420.0,3308.66,Fastly Inc
2026-09-01,CRDO,-8.65,-6.08,-2.74,1.25,Technology,206.63,7407140.0,38832.95,Credo Technology Group Holding Ltd
2026-09-01,AXON,-8.52,-7.03,-1.6,1.44,Industrials,518.3,993320.0,42105.35,Axon Enterprise Inc
2026-09-01,FROG,-8.28,-6.92,-1.47,1.01,Technology,91.78,2712760.0,11316.59,JFrog Ltd
2026-09-01,NTSK,-8.23,-6.46,-1.89,1.13,Technology,14.05,5789690.0,5675.13,Netskope Inc
2026-09-01,FIGR,-8.15,-4.96,-3.35,0.94,Financial,33.7,4013340.0,7534.15,Figure Technology Solutions Inc
2026-09-01,ONDS,-8.03,-5.31,-2.87,0.84,Technology,7.04,81677410.0,4023.04,Ondas Inc
2026-09-02,CRDO,-20.04,-12.41,-8.71,4.08,Technology,165.22,7352000.0,31050.56,Credo Technology Group Holding Ltd
2026-09-02,FCEL,-15.69,-5.88,-10.42,1.39,Industrials,14.4,11016510.0,1151.34,Fuelcell Energy Inc
2026-09-02,MDB,-13.54,-1.02,-12.66,4.73,Technology,375.4,1557820.0,30194.15,MongoDB Inc
2026-09-02,STDN,-11.47,-10.58,-1.0,1.19,Basic Materials,14.66,1177570.0,2295.02,Standard Nuclear Inc
2026-09-02,USDE,-10.29,-7.06,-3.47,0.66,Financial,7.5,4767930.0,203.9,StableCoinX Inc
2026-09-02,PANW,-9.28,-5.06,-4.44,1.88,Technology,328.48,7032030.0,267711.21,Palo Alto Networks Inc
2026-09-02,FRVO,-8.96,-2.29,-6.83,5.31,Utilities,17.98,3678800.0,5299.84,Fervo Energy Co
2026-09-02,CXM,-8.55,-6.08,-2.63,2.34,Technology,6.95,3519060.0,1627.95,Sprinklr Inc
2026-09-02,RPD,-7.83,-6.66,-1.25,1.29,Technology,11.07,2360730.0,746.12,Rapid7 Inc
2026-09-02,BFLY,-7.09,-8.21,1.22,0.64,Healthcare,7.6,8305150.0,2061.76,Butterfly Network Inc
2026-09-02,AVEX,-6.81,-6.97,0.18,0.76,Industrials,15.74,2167660.0,1795.01,AEVEX Corp
2026-09-02,DDOG,-6.53,-4.66,-1.96,1.27,Technology,209.23,4848450.0,75129.27,Datadog Inc
2026-09-02,KVYO,-6.44,-4.26,-2.28,1.06,Technology,19.31,5844340.0,5498.08,Klaviyo Inc
2026-09-02,BAND,-6.38,-4.9,-1.56,0.49,Technology,47.55,1258430.0,1530.19,Bandwidth Inc
2026-09-02,EIX,-6.14,-2.8,-3.44,3.49,Utilities,55.19,3539500.0,21237.88,Edison International
2026-09-03,RARE,-44.03,6.07,-47.23,11.23,Healthcare,14.85,2412640.0,1464.04,Ultragenyx Pharmaceutical Inc
2026-09-03,MEI,-15.36,1.52,-16.63,3.0,Technology,15.32,750950.0,543.78,Methode Electronics Inc
2026-09-03,METC,-14.3,-13.33,-1.11,1.78,Basic Materials,12.35,1878770.0,713.83,Ramaco Resources Inc
2026-09-03,VSXY,-13.17,-4.19,-9.37,4.19,Consumer Cyclical,73.64,1850480.0,5853.77,Victoria's Secret & Co
2026-09-03,CIEN,-10.36,-10.45,0.09,2.81,Technology,317.46,2676250.0,44937.39,CIENA Corp
2026-09-03,CXM,-10.22,-10.47,0.29,1.95,Technology,6.24,3580340.0,1461.64,Sprinklr Inc
2026-09-03,HOS,-9.1,-7.94,-1.26,2.95,Energy,9.39,1558600.0,,Hornbeck Offshore Services Inc
2026-09-03,PL,-8.2,-7.6,-0.65,3.08,Industrials,18.35,10336500.0,6539.99,Planet Labs PBC
2026-09-03,SION,-7.66,-7.66,0.0,0.68,Healthcare,6.75,1828280.0,305.18,Sionna Therapeutics Inc
2026-09-03,TSN,-7.26,-0.77,-6.54,2.22,Consumer Defensive,51.76,3282700.0,17846.88,Tyson Foods Inc
2026-09-03,JBIO,-7.24,-5.48,-1.87,1.29,Healthcare,19.85,1072100.0,1262.4,Jade Biosciences Inc
2026-09-03,PLAY,-7.17,-7.37,0.21,1.09,Communication Services,8.67,1663140.0,301.62,Dave & Buster's Entertainment Inc
2026-09-03,ARCT,-7.05,-7.22,0.18,1.04,Healthcare,15.56,816520.0,442.26,Arcturus Therapeutics Holdings Inc
2026-09-03,RXST,-6.97,-8.02,1.14,0.53,Healthcare,6.54,1134130.0,272.02,RxSight Inc
2026-09-03,CPB,-6.96,-0.87,-6.14,4.69,Consumer Defensive,22.12,7985480.0,6597.81,Campbells Co
2026-09-04,TRBG,-38.01,-4.68,-34.97,0.77,Industrials,7.34,867540.0,,Turbogen Ltd
2026-09-04,GWRE,-19.93,-3.06,-17.41,3.02,Technology,162.42,1559930.0,13522.5,Guidewire Software Inc
2026-09-04,LULU,-17.38,2.51,-19.4,9.86,Consumer Cyclical,100.61,3785950.0,11939.38,Lululemon Athletica Inc
2026-09-04,PATH,-16.63,-6.47,-10.87,1.54,Technology,15.19,67669950.0,7870.25,UiPath Inc
2026-09-04,ABTC,-14.45,-10.78,-4.12,3.12,Financial,7.99,1523380.0,581.83,American Bitcoin Corp
2026-09-04,ASAN,-12.69,0.8,-13.38,3.3,Technology,8.81,5222240.0,2030.79,Asana Inc
2026-09-04,USDE,-9.53,0.76,-10.21,0.85,Financial,7.93,4862840.0,215.6,StableCoinX Inc
2026-09-04,ADSK,-8.26,-6.11,-2.29,1.59,Technology,217.9,2488630.0,45541.1,Autodesk Inc
2026-09-04,NEWP,-7.91,-10.58,2.99,1.01,Basic Materials,6.17,730580.0,1135.4,New Pacific Metals Corp
2026-09-04,BAND,-7.05,-7.25,0.21,0.4,Technology,43.77,1250440.0,1408.55,Bandwidth Inc
2026-09-04,ETSY,-6.73,-6.34,-0.41,1.06,Consumer Cyclical,76.51,2903210.0,7022.22,Etsy Inc
2026-09-04,ADBE,-6.73,-2.9,-3.95,1.08,Technology,266.51,6162780.0,105937.72,Adobe Inc
2026-09-04,MNDY,-6.43,-3.92,-2.61,0.68,Technology,91.07,1397430.0,3849.9,Monday.Com Ltd
2026-09-04,EFX,-6.37,5.39,-11.16,1.74,Industrials,177.05,1576880.0,20800.7,Equifax Inc
2026-09-04,QTTB,-6.33,-4.84,-1.56,0.75,Healthcare,11.99,1131740.0,356.94,Q32 Bio Inc
2026-09-08,DYN,-16.35,18.91,-29.65,7.73,Healthcare,20.31,2220770.0,3792.82,Dyne Therapeutics Inc
2026-09-08,SGML,-15.82,-3.2,-13.03,2.89,Basic Materials,10.43,1825420.0,1174.11,Sigma Lithium Corp
2026-09-08,GPCR,-14.7,-13.79,-1.06,4.64,Healthcare,40.38,735710.0,2879.5,Structure Therapeutics Inc ADR
2026-09-08,NVS,-13.93,-1.6,-12.53,5.32,Healthcare,137.7,1929290.0,252066.73,Novartis AG ADR
2026-09-08,CNXC,-12.1,-11.02,-1.21,1.01,Technology,28.27,1679660.0,1724.99,Concentrix Corp
2026-09-08,HWM,-10.7,-4.65,-6.35,4.17,Industrials,231.53,2796160.0,92334.48,Howmet Aerospace Inc
2026-09-08,MEI,-10.39,-11.01,0.7,1.33,Technology,14.06,772990.0,501.17,Methode Electronics Inc
2026-09-08,STDN,-10.14,-9.21,-1.02,0.77,Basic Materials,13.21,1148370.0,2068.03,Standard Nuclear Inc
2026-09-08,AMGN,-10.08,-3.85,-6.48,2.56,Healthcare,393.17,2669520.0,212560.29,AMGEN Inc
2026-09-08,APPN,-9.88,-7.54,-2.53,2.17,Technology,34.58,840120.0,2476.91,Appian Corp
2026-09-08,ALIT,-9.85,-9.18,-0.74,0.43,Technology,13.45,942620.0,362.33,Alight Inc
2026-09-08,AGEN,-9.83,-8.72,-1.21,0.29,Healthcare,7.43,4151189.9999999995,334.5,Agenus Inc
2026-09-08,BEAM,-9.54,0.26,-9.78,3.0,Healthcare,26.83,2059980.0,2771.21,Beam Therapeutics Inc
2026-09-08,BCRX,-8.99,-0.62,-8.41,2.3,Healthcare,9.06,4217010.0,2316.43,Biocryst Pharmaceuticals Inc
2026-09-08,SYK,-8.81,-8.16,-0.7,2.59,Healthcare,276.43,2443550.0,106031.09,Stryker Corp
2026-09-09,TTAN,-29.98,-14.91,-17.72,15.21,Technology,57.12,1506680.0,5449.11,ServiceTitan Inc
2026-09-09,BRZE,-21.73,-9.38,-13.63,4.1,Technology,23.73,2451720.0,2672.19,Braze Inc
2026-09-09,TYRA,-17.66,16.21,-29.14,8.08,Healthcare,22.01,751180.0,1313.49,Tyra Biosciences Inc
2026-09-09,EVMN,-17.13,-8.91,-9.02,4.97,Healthcare,10.84,802260.0,393.41,Evommune Inc
2026-09-09,KRMN,-11.26,-10.72,-0.6,1.35,Industrials,35.22,3292240.0,4667.83,Karman Holdings Inc
2026-09-09,NAMS,-11.08,-10.08,-1.11,2.07,Healthcare,22.79,1118200.0,2724.25,NewAmsterdam Pharma Company NV
2026-09-09,CHWY,-10.83,-5.03,-6.1,2.49,Consumer Cyclical,20.75,8687440.0,8495.55,Chewy Inc
2026-09-09,RUM,-10.37,-9.94,-0.48,1.36,Communication Services,7.52,3481110.0,3008.15,RUM Group Inc
2026-09-09,BKV,-9.94,-4.59,-5.61,7.33,Energy,24.1,901870.0,2637.46,BKV Corp
2026-09-09,BBNX,-9.88,-8.99,-0.98,0.74,Healthcare,17.42,1151740.0,783.72,Beta Bionics Inc
2026-09-09,XE,-9.87,-5.84,-4.28,1.76,Industrials,17.26,5558230.0,7013.88,X-Energy Inc
2026-09-09,KLRA,-9.68,-8.79,-0.97,0.95,Healthcare,14.84,778960.0,1923.92,Kailera Therapeutics Inc
2026-09-09,YSS,-9.63,-8.3,-1.46,1.29,Industrials,8.07,2294100.0,1108.47,York Space Systems Inc
2026-09-09,VRT,-9.61,-8.94,-0.74,1.68,Industrials,262.89,5837690.0,101209.55,Vertiv Holdings Co
2026-09-09,CDNL,-9.55,-8.23,-1.44,0.66,Industrials,34.57,769200.0,1641.14,Cardinal Infrastructure Group Inc
2026-09-10,RML,-26.47,-0.93,-25.78,0.35,Basic Materials,8.53,811050.0,,Resolution Minerals Ltd ADR
2026-09-10,NAVN,-21.75,-5.28,-17.38,4.84,Technology,20.26,3962210.0,5152.75,Navan Inc
2026-09-10,BHVN,-14.73,-5.43,-9.83,2.77,Healthcare,12.79,3004400.0,1931.85,Biohaven Ltd
2026-09-10,COO,-14.67,4.42,-18.28,7.91,Healthcare,54.17,2357670.0,10564.81,Cooper Companies Inc
2026-09-10,AEO,-13.97,-1.06,-13.06,5.74,Consumer Cyclical,14.53,4944730.0,2434.84,American Eagle Outfitters Inc
2026-09-10,AXGN,-11.47,-7.28,-4.52,3.12,Healthcare,41.85,1216410.0,2249.92,Axogen Inc
2026-09-10,TGB,-10.19,-4.18,-6.27,1.0,Basic Materials,8.02,5610220.0,2935.48,Trekor Metals Ltd
2026-09-10,ALM,-9.6,-6.44,-3.38,0.95,Basic Materials,16.57,6474400.0,4780.12,Almonty Industries Inc
2026-09-10,RELY,-8.89,-8.09,-0.87,1.99,Technology,21.93,3571480.0,4642.24,Remitly Global Inc
2026-09-10,FRVO,-8.76,-8.63,-0.15,1.43,Utilities,15.73,4248420.0,4636.63,Fervo Energy Co
2026-09-10,LEU,-8.61,-5.21,-3.59,1.33,Energy,165.87,748000.0,3309.58,Centrus Energy Corp
2026-09-10,ERO,-8.55,-2.15,-6.54,1.56,Basic Materials,34.98,1325650.0,3648.41,Ero Copper Corp
2026-09-10,JANX,-8.54,-7.77,-0.83,0.96,Healthcare,17.68,1019290.0,1080.89,Janux Therapeutics Inc
2026-09-10,NUAI,-8.49,-2.15,-6.48,0.89,Technology,5.93,7560580.0,631.89,New Era Energy & Digital Inc
2026-09-10,PURR,-8.48,-4.88,-3.78,1.45,Financial,11.01,15969460.0,2178.2,Hyperliquid Strategies Inc
2026-09-11,SMR,-15.67,-10.87,-5.39,2.9,Industrials,8.61,31890700.0,3699.91,NuScale Power Corp
2026-09-11,SLS,-14.42,-14.8,0.44,1.79,Healthcare,11.55,8196780.000000001,2331.47,SELLAS Life Sciences Group Inc
2026-09-11,OKLO,-9.18,-6.63,-2.73,2.35,Utilities,36.22,9575430.0,6737.56,Oklo Inc
2026-09-11,ASM,-8.85,-10.11,1.4,1.52,Basic Materials,6.49,3977210.0,1102.33,Avino Silver & Gold Mines Ltd
2026-09-11,LAR,-8.74,-9.58,0.94,1.36,Basic Materials,5.85,1921330.0,944.19,Lithium Argentina AG
2026-09-11,OMDA,-8.56,-9.53,1.07,1.28,Healthcare,19.66,1285040.0,1203.52,Omada Health Inc
2026-09-11,LEU,-8.18,-7.7,-0.52,1.47,Energy,152.31,749610.0,3039.02,Centrus Energy Corp
2026-09-11,ALMS,-7.27,-8.11,0.91,1.6,Healthcare,9.18,2136230.0,1225.48,Alumis Inc
2026-09-11,QLYS,-6.99,-6.21,-0.83,1.53,Technology,150.28,763950.0,5198.93,Qualys Inc
2026-09-11,CADL,-6.93,-6.85,-0.09,2.4,Healthcare,10.55,1499380.0,806.89,Candel Therapeutics Inc
2026-09-11,TNDM,-6.55,-7.41,0.93,0.94,Healthcare,17.11,1902890.0,1190.5,Tandem Diabetes Care Inc
2026-09-11,JBIO,-6.53,-7.69,1.25,1.25,Healthcare,17.89,1000790.0,1137.75,Jade Biosciences Inc
2026-09-11,ALM,-6.52,-9.2,2.96,1.72,Basic Materials,15.49,6496930.0,4468.57,Almonty Industries Inc
2026-09-11,KLRA,-6.51,-7.68,1.27,1.04,Healthcare,13.94,786260.0,1807.24,Kailera Therapeutics Inc
2026-09-11,TYRA,-6.41,-6.77,0.38,1.81,Healthcare,22.03,853940.0,1314.69,Tyra Biosciences Inc
2026-09-14,HQ,-32.06,-29.52,-3.61,2.64,Technology,10.34,696890.0,558.07,Horizon Quantum Holdings Ltd
2026-09-14,SIMO,-16.76,-11.62,-5.81,1.44,Technology,236.81,989200.0,8030.23,Silicon Motion Technology Corp ADR
2026-09-14,INIO,-14.25,-9.3,-5.45,1.27,Industrials,17.45,4311370.0,13087.5,Innio NV
2026-09-14,BAND,-13.89,-13.94,0.05,1.16,Technology,48.97,1232450.0,1575.89,Bandwidth Inc
2026-09-14,GLW,-13.7,-4.68,-9.47,1.35,Technology,143.6,13146890.0,123695.37,Corning Inc
2026-09-14,NOK,-13.3,-3.84,-9.84,1.46,Technology,9.65,85962340.0,54026.97,Nokia Corp ADR
2026-09-14,TER,-13.3,-5.16,-8.59,1.29,Technology,329.2,3803160.0,51467.38,Teradyne Inc
2026-09-14,MXL,-13.12,-4.04,-9.45,0.94,Technology,64.79,3252750.0,5876.01,MaxLinear Inc
2026-09-14,MTSI,-12.83,-7.41,-5.85,1.42,Technology,239.62,1536630.0,18300.0,MACOM Technology Solutions Holdings Inc
2026-09-14,COHR,-12.73,-6.08,-7.08,1.65,Technology,266.5,6027490.0,52189.29,Coherent Corp
2026-09-14,VIAV,-12.72,-6.19,-6.97,1.04,Technology,33.82,6115040.0,8345.08,Viavi Solutions Inc
2026-09-14,SHAZ,-12.62,-5.46,-7.57,0.93,Technology,51.91,1969490.0,1858.56,SharonAI Holdings Inc
2026-09-14,COHU,-12.46,-4.33,-8.49,0.85,Technology,49.97,1153380.0,2365.5,Cohu Inc
2026-09-14,BRUN,-12.39,-7.43,-5.35,1.45,Technology,14.57,1942650.0,1221.62,Boost Run Inc
2026-09-14,SMTC,-12.07,-5.32,-7.13,0.96,Technology,147.05,3317990.0,13723.54,Semtech Corp
2026-09-15,ALHC,-19.86,-14.83,-5.91,5.6,Healthcare,10.37,5100450.0,2151.1,Alignment Healthcare Inc
2026-09-15,PLAY,-19.01,-9.14,-10.86,9.26,Communication Services,6.86,1789260.0,238.65,Dave & Buster's Entertainment Inc
2026-09-15,SION,-16.71,-12.58,-4.72,1.27,Healthcare,6.88,1931560.0,311.06,Sionna Therapeutics Inc
2026-09-15,FWDI,-12.52,-10.19,-2.59,1.65,Financial,6.08,1592650.0,448.99,Forward Industries Inc
2026-09-15,ARWR,-12.4,-14.74,2.75,2.15,Healthcare,70.67,2033320.0,9982.46,Arrowhead Pharmaceuticals Inc
2026-09-15,WING,-12.09,-11.37,-0.82,2.41,Consumer Cyclical,100.84,1200920.0,2747.14,Wingstop Inc
2026-09-15,CRCL,-11.41,-6.5,-5.26,1.66,Financial,86.3,13840930.0,21909.49,Circle Internet Group Inc
2026-09-15,CBRL,-10.65,-9.03,-1.78,1.48,Consumer Cyclical,45.15,919930.0,1009.17,Cracker Barrel Old Country Store Inc
2026-09-15,COIN,-10.1,-6.27,-4.09,2.21,Financial,172.11,8487880.0,45408.97,Coinbase Global Inc
2026-09-15,BLMN,-10.1,-9.08,-1.12,1.54,Consumer Cyclical,8.01,2070699.9999999998,685.82,Bloomin Brands Inc
2026-09-15,ARHS,-10.04,-9.7,-0.37,0.77,Consumer Cyclical,7.3,1301720.0,1035.49,Arhaus Inc
2026-09-15,BOBS,-9.85,-10.4,0.62,0.95,Consumer Cyclical,14.56,953710.0,1902.81,Bob's Discount Furniture Inc
2026-09-15,AXON,-9.81,-5.47,-4.59,2.92,Industrials,442.08,951540.0,35913.43,Axon Enterprise Inc
2026-09-15,DSGN,-9.58,-9.24,-0.37,1.82,Healthcare,12.23,702180.0,765.06,Design Therapeutics Inc
2026-09-15,EYE,-9.48,-9.06,-0.46,1.16,Consumer Cyclical,15.85,2127470.0,1253.25,National Vision Holdings Inc
2026-09-16,ALHC,-16.01,-15.44,-0.68,4.44,Healthcare,8.71,5479270.0,1806.76,Alignment Healthcare Inc
2026-09-16,JBHT,-13.3,-2.53,-11.05,5.05,Industrials,236.73,951840.0,22232.48,J.B. Hunt Transport Services Inc
2026-09-16,BTGO,-11.59,-10.1,-1.66,2.39,Financial,6.41,1428450.0,753.47,BitGo Holdings Inc
2026-09-16,BULL,-11.2,-9.64,-1.73,2.34,Technology,7.69,12518740.0,4073.89,Webull Corp
2026-09-16,RCAT,-10.92,-10.64,-0.31,2.17,Industrials,7.09,8831590.0,1083.51,Red Cat Holdings Inc
2026-09-16,BLSH,-9.53,-9.76,0.25,1.59,Technology,32.08,1614020.0,4821.7,Bullish
2026-09-16,ON,-9.02,-10.4,1.54,1.76,Technology,66.6,10680800.0,25928.16,ON Semiconductor Corp
2026-09-16,GPCR,-8.86,-9.42,0.62,2.06,Healthcare,35.5,801160.0,2531.51,Structure Therapeutics Inc ADR
2026-09-16,MTDR,-8.61,-6.42,-2.34,1.05,Energy,57.73,1985170.0,7144.33,Matador Resources Co
2026-09-16,MGY,-8.58,-6.62,-2.1,1.32,Energy,26.1,4641960.0,6184.88,Magnolia Oil & Gas Corp
2026-09-16,CRK,-8.46,-7.09,-1.47,1.38,Energy,13.1,2536400.0,3846.43,Comstock Resources Inc
2026-09-16,SYNA,-8.3,-9.72,1.57,0.91,Technology,89.24,928750.0,3489.91,Synaptics Inc
2026-09-16,AR,-8.11,-6.99,-1.21,1.32,Energy,35.68,4268250.0,10969.43,Antero Resources Corp
2026-09-16,FANG,-8.03,-1.26,-6.85,7.55,Energy,194.54,2040950.0,54475.94,Diamondback Energy Inc
2026-09-16,ELVN,-7.95,-8.53,0.64,2.36,Healthcare,49.12,1232450.0,3599.06,Enliven Therapeutics Inc
2026-09-17,FLNC,-15.36,5.95,-20.11,4.4,Utilities,7.66,7661720.0,1414.01,Fluence Energy Inc
2026-09-17,MAMA,-8.0,-7.74,-0.28,1.28,Consumer Defensive,13.11,710050.0,618.1,Mama's Creations Inc
2026-09-17,MTZ,-7.92,-11.39,3.92,2.73,Industrials,207.75,1427800.0,16683.35,Mastec Inc
2026-09-17,DKNG,-7.64,-7.61,-0.04,1.5,Consumer Cyclical,22.47,11404080.0,19986.35,DraftKings Inc
2026-09-17,XRAY,-7.54,-7.27,-0.3,1.86,Healthcare,9.38,5004020.0,1868.94,DENTSPLY Sirona Inc
2026-09-17,TTAN,-7.53,-6.99,-0.58,2.59,Technology,54.25,2168180.0,5233.38,ServiceTitan Inc
2026-09-17,FUBO,-6.6,-8.08,1.6,1.29,Communication Services,9.9,1468850.0,1081.05,fuboTV Inc
2026-09-17,SRAD,-6.58,-6.72,0.15,0.77,Technology,12.36,2304380.0,3853.32,Sportradar Group AG
2026-09-17,IART,-5.98,-7.36,1.49,1.19,Healthcare,15.1,882500.0,1174.37,Integra Lifesciences Holdings Corp
2026-09-17,LIFE,-5.58,-8.24,2.91,2.94,Financial,36.4,1103560.0,2320.82,Ethos Technologies Inc
2026-09-17,TMUS,-5.57,-5.75,0.2,1.39,Communication Services,166.45,4935250.0,178546.19,T-Mobile US Inc
2026-09-17,DVA,-5.56,-5.9,0.37,1.73,Healthcare,183.09,817120.0,11681.14,DaVita Inc
2026-09-17,FMC,-5.56,-5.9,0.37,1.13,Basic Materials,10.2,3961890.0,1277.31,FMC Corp
2026-09-17,EAT,-5.25,-5.04,-0.21,1.09,Consumer Cyclical,199.56,1057040.0,8334.63,Brinker International Inc
2026-09-17,STAA,-5.22,-5.43,0.22,0.87,Healthcare,21.24,904490.0,1065.06,Staar Surgical Co
2026-09-18,XENE,-30.69,-9.7,-23.24,16.43,Healthcare,39.75,1091230.0,3849.41,Xenon Pharmaceuticals Inc
2026-09-18,SION,-16.99,-16.29,-0.84,1.84,Healthcare,5.96,2008610.0,269.47,Sionna Therapeutics Inc
2026-09-18,GENI,-12.96,-12.42,-0.62,3.0,Communication Services,5.64,5841340.0,1565.81,Genius Sports Limited
2026-09-18,HELP,-11.77,-18.35,8.06,3.16,Healthcare,12.37,1788240.0,903.75,Helus Pharma Inc
2026-09-18,SMR,-8.52,-8.82,0.33,1.95,Industrials,8.27,33037129.999999996,3553.81,NuScale Power Corp
2026-09-18,RSI,-7.72,-7.43,-0.32,2.22,Consumer Cyclical,23.3,2809790.0,5400.32,Rush Street Interactive Inc
2026-09-18,BTU,-7.42,-6.42,-1.06,3.8,Energy,25.22,2453380.0,3074.32,Peabody Energy Corp
2026-09-18,TNGX,-7.41,-6.77,-0.68,2.08,Healthcare,21.75,2995550.0,3667.28,Tango Therapeutics Inc
2026-09-18,NNE,-7.31,-7.03,-0.29,2.29,Industrials,15.73,2111810.0,844.67,Nano Nuclear Energy Inc
2026-09-18,SATL,-7.26,-6.84,-0.45,2.44,Industrials,5.11,5737110.0,785.61,Satellogic Inc
2026-09-18,OPFI,-7.24,-6.85,-0.43,2.57,Financial,6.53,890430.0,556.41,OppFi Inc
2026-09-18,ALKS,-7.11,-6.71,-0.43,3.66,Healthcare,43.39,1895550.0,7279.25,Alkermes plc
2026-09-18,MIRM,-7.07,-7.02,-0.06,2.38,Healthcare,91.83,756590.0,5962.72,Mirum Pharmaceuticals Inc
2026-09-18,RDW,-7.01,-8.36,1.47,1.85,Industrials,10.74,17146590.0,2684.92,Redwire Corp
2026-09-18,WRBY,-6.95,-7.6,0.7,1.67,Healthcare,22.5,2887820.0,2781.18,Warby Parker Inc
