trade_date,source_path,commit_sha,git_commit_date,server_time_utc,server_source,status
2026-08-07,data/snapshots/2026-08-06.csv,94cb0474f2745f0f515b66fbbecf44d3968427b6,2026-08-07T00:57:15Z,2026-08-07T00:57:23Z,"actions_run 31136381205 (Finviz Daily Snapshot, schedule; created_at 2026-08-07T00:56:46Z, updated_at 2026-08-07T00:57:23Z; pushed commit in its 'main -> main' range per job log)",PROVEN
2026-08-10,data/features/2026-08-07_1d.csv,1f0a1adb996b8ef7af4d58b15ab9e0e93ed649d2,2026-08-08T07:54:26Z,2026-08-08T07:54:33Z,"actions_run 31247191433 (Finviz Score Delta, workflow_dispatch; created_at 2026-08-08T07:53:46Z, updated_at 2026-08-08T07:54:33Z; pushed commit in its 'main -> main' range per job log)",PROVEN
2026-08-10,data/scores/2026-08-07_1d.csv,1f0a1adb996b8ef7af4d58b15ab9e0e93ed649d2,2026-08-08T07:54:26Z,2026-08-08T07:54:33Z,"actions_run 31247191433 (Finviz Score Delta, workflow_dispatch; created_at 2026-08-08T07:53:46Z, updated_at 2026-08-08T07:54:33Z; pushed commit in its 'main -> main' range per job log)",PROVEN
2026-08-10,data/scores/2026-08-07_1m.csv,1f0a1adb996b8ef7af4d58b15ab9e0e93ed649d2,2026-08-08T07:54:26Z,2026-08-08T07:54:33Z,"actions_run 31247191433 (Finviz Score Delta, workflow_dispatch; created_at 2026-08-08T07:53:46Z, updated_at 2026-08-08T07:54:33Z; pushed commit in its 'main -> main' range per job log)",PROVEN
2026-08-10,data/scores/2026-08-07_1w.csv,1f0a1adb996b8ef7af4d58b15ab9e0e93ed649d2,2026-08-08T07:54:26Z,2026-08-08T07:54:33Z,"actions_run 31247191433 (Finviz Score Delta, workflow_dispatch; created_at 2026-08-08T07:53:46Z, updated_at 2026-08-08T07:54:33Z; pushed commit in its 'main -> main' range per job log)",PROVEN
2026-08-10,data/snapshots/2026-08-07.csv,3a6f843c08d682f768a7a3c400b63ceb267c4bcd,2026-08-07T21:12:32Z,2026-08-07T21:12:38Z,"actions_run 31219083269 (Finviz Daily Snapshot, schedule; created_at 2026-08-07T21:12:11Z, updated_at 2026-08-07T21:12:38Z; pushed commit in its 'main -> main' range per job log)",PROVEN
2026-08-11,data/features/2026-08-10_1d.csv,5bf5b9248cda75688383ccb7095337880ec1c821,2026-08-10T21:33:19Z,2026-08-10T21:33:27Z,"actions_run 31434321558 (Finviz Score Delta, schedule; created_at 2026-08-10T21:32:33Z, updated_at 2026-08-10T21:33:27Z; pushed commit in its 'main -> main' range per job log)",PROVEN
2026-08-11,data/scores/2026-08-10_1d.csv,5bf5b9248cda75688383ccb7095337880ec1c821,2026-08-10T21:33:19Z,2026-08-10T21:33:27Z,"actions_run 31434321558 (Finviz Score Delta, schedule; created_at 2026-08-10T21:32:33Z, updated_at 2026-08-10T21:33:27Z; pushed commit in its 'main -> main' range per job log)",PROVEN
2026-08-11,data/scores/2026-08-10_1m.csv,5bf5b9248cda75688383ccb7095337880ec1c821,2026-08-10T21:33:19Z,2026-08-10T21:33:27Z,"actions_run 31434321558 (Finviz Score Delta, schedule; created_at 2026-08-10T21:32:33Z, updated_at 2026-08-10T21:33:27Z; pushed commit in its 'main -> main' range per job log)",PROVEN
2026-08-11,data/scores/2026-08-10_1w.csv,5bf5b9248cda75688383ccb7095337880ec1c821,2026-08-10T21:33:19Z,2026-08-10T21:33:27Z,"actions_run 31434321558 (Finviz Score Delta, schedule; created_at 2026-08-10T21:32:33Z, updated_at 2026-08-10T21:33:27Z; pushed commit in its 'main -> main' range per job log)",PROVEN
2026-08-11,data/snapshots/2026-08-10.csv,5314b3c2e93a35d3de3238944ee5dea3d1e0ffcb,2026-08-10T21:21:24Z,2026-08-10T21:21:31Z,"actions_run 31433417714 (Finviz Daily Snapshot, schedule; created_at 2026-08-10T21:20:54Z, updated_at 2026-08-10T21:21:31Z; pushed commit in its 'main -> main' range per job log)",PROVEN
2026-08-12,data/features/2026-08-11_1d.csv,64eafa9aec15bb0da235848e773c2808acfa49fb,2026-08-11T21:37:08Z,2026-08-11T21:37:16Z,"actions_run 31538658463 (Finviz Score Delta, schedule; created_at 2026-08-11T21:36:12Z, updated_at 2026-08-11T21:37:16Z; pushed commit in its 'main -> main' range per job log)",PROVEN
2026-08-12,data/scores/2026-08-11_1d.csv,64eafa9aec15bb0da235848e773c2808acfa49fb,2026-08-11T21:37:08Z,2026-08-11T21:37:16Z,"actions_run 31538658463 (Finviz Score Delta, schedule; created_at 2026-08-11T21:36:12Z, updated_at 2026-08-11T21:37:16Z; pushed commit in its 'main -> main' range per job log)",PROVEN
2026-08-12,data/scores/2026-08-11_1m.csv,64eafa9aec15bb0da235848e773c2808acfa49fb,2026-08-11T21:37:08Z,2026-08-11T21:37:16Z,"actions_run 31538658463 (Finviz Score Delta, schedule; created_at 2026-08-11T21:36:12Z, updated_at 2026-08-11T21:37:16Z; pushed commit in its 'main -> main' range per job log)",PROVEN
2026-08-12,data/scores/2026-08-11_1w.csv,64eafa9aec15bb0da235848e773c2808acfa49fb,2026-08-11T21:37:08Z,2026-08-11T21:37:16Z,"actions_run 31538658463 (Finviz Score Delta, schedule; created_at 2026-08-11T21:36:12Z, updated_at 2026-08-11T21:37:16Z; pushed commit in its 'main -> main' range per job log)",PROVEN
2026-08-12,data/snapshots/2026-08-11.csv,5bfa2308caa94db31682f5c8b202259fb4dc752b,2026-08-11T21:23:52Z,2026-08-11T21:23:59Z,"actions_run 31537645747 (Finviz Daily Snapshot, schedule; created_at 2026-08-11T21:23:21Z, updated_at 2026-08-11T21:23:59Z; pushed commit in its 'main -> main' range per job log)",PROVEN
2026-08-12,data/universe/2026-08-11_membership.csv,64eafa9aec15bb0da235848e773c2808acfa49fb,2026-08-11T21:37:08Z,2026-08-11T21:37:16Z,"actions_run 31538658463 (Finviz Score Delta, schedule; created_at 2026-08-11T21:36:12Z, updated_at 2026-08-11T21:37:16Z; pushed commit in its 'main -> main' range per job log)",PROVEN
2026-08-13,data/composite/2026-08-12_composite_rank.csv,eb0fa8a91bcad6052289f88746074f471df317a3,2026-08-12T22:06:30Z,2026-08-12T22:06:33Z,"actions_run 31645482181 (Composite Rank, schedule; created_at 2026-08-12T22:05:50Z, updated_at 2026-08-12T22:06:33Z; pushed commit in its 'main -> main' range per job log)",PROVEN
2026-08-13,data/features/2026-08-12_1d.csv,cc4a239d67ba473a48a30ce6d8b894b2cfa14e9d,2026-08-12T21:36:27Z,2026-08-12T21:36:33Z,"actions_run 31643220660 (Finviz Score Delta, schedule; created_at 2026-08-12T21:35:26Z, updated_at 2026-08-12T21:36:33Z; pushed commit in its 'main -> main' range per job log)",PROVEN
2026-08-13,data/scores/2026-08-12_1d.csv,cc4a239d67ba473a48a30ce6d8b894b2cfa14e9d,2026-08-12T21:36:27Z,2026-08-12T21:36:33Z,"actions_run 31643220660 (Finviz Score Delta, schedule; created_at 2026-08-12T21:35:26Z, updated_at 2026-08-12T21:36:33Z; pushed commit in its 'main -> main' range per job log)",PROVEN
2026-08-13,data/scores/2026-08-12_1m.csv,cc4a239d67ba473a48a30ce6d8b894b2cfa14e9d,2026-08-12T21:36:27Z,2026-08-12T21:36:33Z,"actions_run 31643220660 (Finviz Score Delta, schedule; created_at 2026-08-12T21:35:26Z, updated_at 2026-08-12T21:36:33Z; pushed commit in its 'main -> main' range per job log)",PROVEN
2026-08-13,data/scores/2026-08-12_1w.csv,cc4a239d67ba473a48a30ce6d8b894b2cfa14e9d,2026-08-12T21:36:27Z,2026-08-12T21:36:33Z,"actions_run 31643220660 (Finviz Score Delta, schedule; created_at 2026-08-12T21:35:26Z, updated_at 2026-08-12T21:36:33Z; pushed commit in its 'main -> main' range per job log)",PROVEN
2026-08-13,data/snapshots/2026-08-12.csv,cd882feed1f6ae6c0f6a44e8bc1440d891be8d8c,2026-08-12T21:22:36Z,2026-08-12T21:22:42Z,"actions_run 31642191661 (Finviz Daily Snapshot, schedule; created_at 2026-08-12T21:22:08Z, updated_at 2026-08-12T21:22:42Z; pushed commit in its 'main -> main' range per job log)",PROVEN
2026-08-13,data/universe/2026-08-12_membership.csv,cc4a239d67ba473a48a30ce6d8b894b2cfa14e9d,2026-08-12T21:36:27Z,2026-08-12T21:36:33Z,"actions_run 31643220660 (Finviz Score Delta, schedule; created_at 2026-08-12T21:35:26Z, updated_at 2026-08-12T21:36:33Z; pushed commit in its 'main -> main' range per job log)",PROVEN
2026-08-14,data/composite/2026-08-13_composite_rank.csv,a570a5539efb72e18bae59a7269e727174eb3884,2026-08-13T22:06:14Z,2026-08-13T22:06:18Z,"actions_run 31748500597 (Composite Rank, schedule; created_at 2026-08-13T22:05:30Z, updated_at 2026-08-13T22:06:18Z; pushed commit in its 'main -> main' range per job log)",PROVEN
2026-08-14,data/features/2026-08-13_1d.csv,26c59371d33efd1b6d09d9aff5eae1e5301ac8a6,2026-08-13T21:36:37Z,2026-08-13T21:36:44Z,"actions_run 31746321019 (Finviz Score Delta, schedule; created_at 2026-08-13T21:35:21Z, updated_at 2026-08-13T21:36:44Z; pushed commit in its 'main -> main' range per job log)",PROVEN
2026-08-14,data/scores/2026-08-13_1d.csv,26c59371d33efd1b6d09d9aff5eae1e5301ac8a6,2026-08-13T21:36:37Z,2026-08-13T21:36:44Z,"actions_run 31746321019 (Finviz Score Delta, schedule; created_at 2026-08-13T21:35:21Z, updated_at 2026-08-13T21:36:44Z; pushed commit in its 'main -> main' range per job log)",PROVEN
2026-08-14,data/scores/2026-08-13_1m.csv,26c59371d33efd1b6d09d9aff5eae1e5301ac8a6,2026-08-13T21:36:37Z,2026-08-13T21:36:44Z,"actions_run 31746321019 (Finviz Score Delta, schedule; created_at 2026-08-13T21:35:21Z, updated_at 2026-08-13T21:36:44Z; pushed commit in its 'main -> main' range per job log)",PROVEN
2026-08-14,data/scores/2026-08-13_1w.csv,26c59371d33efd1b6d09d9aff5eae1e5301ac8a6,2026-08-13T21:36:37Z,2026-08-13T21:36:44Z,"actions_run 31746321019 (Finviz Score Delta, schedule; created_at 2026-08-13T21:35:21Z, updated_at 2026-08-13T21:36:44Z; pushed commit in its 'main -> main' range per job log)",PROVEN
2026-08-14,data/snapshots/2026-08-13.csv,a56a7f8d52cef158232fdeca25f9cf53f65291ab,2026-08-13T21:24:13Z,2026-08-13T21:24:21Z,"actions_run 31745431106 (Finviz Daily Snapshot, schedule; created_at 2026-08-13T21:23:37Z, updated_at 2026-08-13T21:24:21Z; pushed commit in its 'main -> main' range per job log)",PROVEN
2026-08-14,data/universe/2026-08-13_membership.csv,26c59371d33efd1b6d09d9aff5eae1e5301ac8a6,2026-08-13T21:36:37Z,2026-08-13T21:36:44Z,"actions_run 31746321019 (Finviz Score Delta, schedule; created_at 2026-08-13T21:35:21Z, updated_at 2026-08-13T21:36:44Z; pushed commit in its 'main -> main' range per job log)",PROVEN
2026-08-17,data/composite/2026-08-14_composite_rank.csv,e6445a4a09a86682461278bc03de9ba8b3a60ad5,2026-08-14T21:44:22Z,2026-08-14T21:44:27Z,"actions_run 31843655509 (Composite Rank, schedule; created_at 2026-08-14T21:43:26Z, updated_at 2026-08-14T21:44:27Z; pushed commit in its 'main -> main' range per job log)",PROVEN
2026-08-17,data/features/2026-08-14_1d.csv,f7fcff8c0b621ef21b2202036118a5eed4508217,2026-08-14T21:17:56Z,2026-08-14T21:18:01Z,"actions_run 31841718175 (Finviz Score Delta, schedule; created_at 2026-08-14T21:16:38Z, updated_at 2026-08-14T21:18:01Z; pushed commit in its 'main -> main' range per job log)",PROVEN
2026-08-17,data/scores/2026-08-14_1d.csv,f7fcff8c0b621ef21b2202036118a5eed4508217,2026-08-14T21:17:56Z,2026-08-14T21:18:01Z,"actions_run 31841718175 (Finviz Score Delta, schedule; created_at 2026-08-14T21:16:38Z, updated_at 2026-08-14T21:18:01Z; pushed commit in its 'main -> main' range per job log)",PROVEN
2026-08-17,data/scores/2026-08-14_1m.csv,f7fcff8c0b621ef21b2202036118a5eed4508217,2026-08-14T21:17:56Z,2026-08-14T21:18:01Z,"actions_run 31841718175 (Finviz Score Delta, schedule; created_at 2026-08-14T21:16:38Z, updated_at 2026-08-14T21:18:01Z; pushed commit in its 'main -> main' range per job log)",PROVEN
2026-08-17,data/scores/2026-08-14_1w.csv,f7fcff8c0b621ef21b2202036118a5eed4508217,2026-08-14T21:17:56Z,2026-08-14T21:18:01Z,"actions_run 31841718175 (Finviz Score Delta, schedule; created_at 2026-08-14T21:16:38Z, updated_at 2026-08-14T21:18:01Z; pushed commit in its 'main -> main' range per job log)",PROVEN
2026-08-17,data/snapshots/2026-08-14.csv,f895079d16ff8d579fcbba5654e4ebcc659bf92a,2026-08-14T20:58:12Z,2026-08-14T20:58:19Z,"actions_run 31840276074 (Finviz Daily Snapshot, schedule; created_at 2026-08-14T20:57:27Z, updated_at 2026-08-14T20:58:19Z; pushed commit in its 'main -> main' range per job log)",PROVEN
2026-08-17,data/universe/2026-08-14_membership.csv,f7fcff8c0b621ef21b2202036118a5eed4508217,2026-08-14T21:17:56Z,2026-08-14T21:18:01Z,"actions_run 31841718175 (Finviz Score Delta, schedule; created_at 2026-08-14T21:16:38Z, updated_at 2026-08-14T21:18:01Z; pushed commit in its 'main -> main' range per job log)",PROVEN
2026-08-18,data/composite/2026-08-17_composite_rank.csv,07ae9da56404f8e506b5ae46693ae459c07f9a08,2026-08-17T21:44:51Z,2026-08-17T21:44:54Z,"actions_run 32072600392 (Composite Rank, schedule; created_at 2026-08-17T21:43:51Z, updated_at 2026-08-17T21:44:54Z; pushed commit in its 'main -> main' range per job log)",PROVEN
2026-08-18,data/features/2026-08-17_1d.csv,fed0d4c70290c3af718189fd95215ab098db7f27,2026-08-17T21:18:24Z,2026-08-17T21:18:32Z,"actions_run 32070272103 (Finviz Score Delta, schedule; created_at 2026-08-17T21:16:48Z, updated_at 2026-08-17T21:18:32Z; pushed commit in its 'main -> main' range per job log)",PROVEN
2026-08-18,data/scores/2026-08-17_1d.csv,fed0d4c70290c3af718189fd95215ab098db7f27,2026-08-17T21:18:24Z,2026-08-17T21:18:32Z,"actions_run 32070272103 (Finviz Score Delta, schedule; created_at 2026-08-17T21:16:48Z, updated_at 2026-08-17T21:18:32Z; pushed commit in its 'main -> main' range per job log)",PROVEN
2026-08-18,data/scores/2026-08-17_1m.csv,fed0d4c70290c3af718189fd95215ab098db7f27,2026-08-17T21:18:24Z,2026-08-17T21:18:32Z,"actions_run 32070272103 (Finviz Score Delta, schedule; created_at 2026-08-17T21:16:48Z, updated_at 2026-08-17T21:18:32Z; pushed commit in its 'main -> main' range per job log)",PROVEN
2026-08-18,data/scores/2026-08-17_1w.csv,fed0d4c70290c3af718189fd95215ab098db7f27,2026-08-17T21:18:24Z,2026-08-17T21:18:32Z,"actions_run 32070272103 (Finviz Score Delta, schedule; created_at 2026-08-17T21:16:48Z, updated_at 2026-08-17T21:18:32Z; pushed commit in its 'main -> main' range per job log)",PROVEN
2026-08-18,data/snapshots/2026-08-17.csv,72c7283431dd0dc8b0a4e73b3f38473235c8a58e,2026-08-17T20:56:34Z,2026-08-17T20:56:41Z,"actions_run 32068406258 (Finviz Daily Snapshot, schedule; created_at 2026-08-17T20:55:43Z, updated_at 2026-08-17T20:56:41Z; pushed commit in its 'main -> main' range per job log)",PROVEN
2026-08-18,data/universe/2026-08-17_membership.csv,fed0d4c70290c3af718189fd95215ab098db7f27,2026-08-17T21:18:24Z,2026-08-17T21:18:32Z,"actions_run 32070272103 (Finviz Score Delta, schedule; created_at 2026-08-17T21:16:48Z, updated_at 2026-08-17T21:18:32Z; pushed commit in its 'main -> main' range per job log)",PROVEN
2026-08-19,data/composite/2026-08-18_composite_rank.csv,95b3a8e490524a969985f21dafdaae2b27dd1dd1,2026-08-18T21:42:47Z,2026-08-18T21:42:52Z,"actions_run 32189040007 (Composite Rank, schedule; created_at 2026-08-18T21:41:38Z, updated_at 2026-08-18T21:42:52Z; pushed commit in its 'main -> main' range per job log)",PROVEN
2026-08-19,data/features/2026-08-18_1d.csv,c98dca86a9e34947a2f7e77f7822f8949b0f7f13,2026-08-18T21:16:06Z,2026-08-18T21:16:14Z,"actions_run 32186663807 (Finviz Score Delta, schedule; created_at 2026-08-18T21:14:19Z, updated_at 2026-08-18T21:16:14Z; pushed commit in its 'main -> main' range per job log)",PROVEN
2026-08-19,data/scores/2026-08-18_1d.csv,c98dca86a9e34947a2f7e77f7822f8949b0f7f13,2026-08-18T21:16:06Z,2026-08-18T21:16:14Z,"actions_run 32186663807 (Finviz Score Delta, schedule; created_at 2026-08-18T21:14:19Z, updated_at 2026-08-18T21:16:14Z; pushed commit in its 'main -> main' range per job log)",PROVEN
2026-08-19,data/scores/2026-08-18_1m.csv,c98dca86a9e34947a2f7e77f7822f8949b0f7f13,2026-08-18T21:16:06Z,2026-08-18T21:16:14Z,"actions_run 32186663807 (Finviz Score Delta, schedule; created_at 2026-08-18T21:14:19Z, updated_at 2026-08-18T21:16:14Z; pushed commit in its 'main -> main' range per job log)",PROVEN
2026-08-19,data/scores/2026-08-18_1w.csv,c98dca86a9e34947a2f7e77f7822f8949b0f7f13,2026-08-18T21:16:06Z,2026-08-18T21:16:14Z,"actions_run 32186663807 (Finviz Score Delta, schedule; created_at 2026-08-18T21:14:19Z, updated_at 2026-08-18T21:16:14Z; pushed commit in its 'main -> main' range per job log)",PROVEN
2026-08-19,data/snapshots/2026-08-18.csv,16530295bda23cc14e4953601819d0f5712515b4,2026-08-18T20:52:34Z,2026-08-18T20:52:43Z,"actions_run 32184602029 (Finviz Daily Snapshot, schedule; created_at 2026-08-18T20:51:32Z, updated_at 2026-08-18T20:52:43Z; pushed commit in its 'main -> main' range per job log)",PROVEN
2026-08-19,data/universe/2026-08-18_membership.csv,c98dca86a9e34947a2f7e77f7822f8949b0f7f13,2026-08-18T21:16:06Z,2026-08-18T21:16:14Z,"actions_run 32186663807 (Finviz Score Delta, schedule; created_at 2026-08-18T21:14:19Z, updated_at 2026-08-18T21:16:14Z; pushed commit in its 'main -> main' range per job log)",PROVEN
2026-08-20,data/composite/2026-08-19_composite_rank.csv,440a5b754821ae000480c141c2c473d4a1370f47,2026-08-19T21:45:07Z,2026-08-19T21:45:11Z,"actions_run 32305345952 (Composite Rank, schedule; created_at 2026-08-19T21:43:41Z, updated_at 2026-08-19T21:45:11Z; pushed commit in its 'main -> main' range per job log)",PROVEN
2026-08-20,data/features/2026-08-19_1d.csv,5641cdf95cbd4bbb7e5dc3f924e97d4f82729d4f,2026-08-19T21:18:48Z,2026-08-19T21:18:56Z,"actions_run 32303058275 (Finviz Score Delta, schedule; created_at 2026-08-19T21:16:53Z, updated_at 2026-08-19T21:18:56Z; pushed commit in its 'main -> main' range per job log)",PROVEN
2026-08-20,data/scores/2026-08-19_1d.csv,5641cdf95cbd4bbb7e5dc3f924e97d4f82729d4f,2026-08-19T21:18:48Z,2026-08-19T21:18:56Z,"actions_run 32303058275 (Finviz Score Delta, schedule; created_at 2026-08-19T21:16:53Z, updated_at 2026-08-19T21:18:56Z; pushed commit in its 'main -> main' range per job log)",PROVEN
2026-08-20,data/scores/2026-08-19_1m.csv,5641cdf95cbd4bbb7e5dc3f924e97d4f82729d4f,2026-08-19T21:18:48Z,2026-08-19T21:18:56Z,"actions_run 32303058275 (Finviz Score Delta, schedule; created_at 2026-08-19T21:16:53Z, updated_at 2026-08-19T21:18:56Z; pushed commit in its 'main -> main' range per job log)",PROVEN
2026-08-20,data/scores/2026-08-19_1w.csv,5641cdf95cbd4bbb7e5dc3f924e97d4f82729d4f,2026-08-19T21:18:48Z,2026-08-19T21:18:56Z,"actions_run 32303058275 (Finviz Score Delta, schedule; created_at 2026-08-19T21:16:53Z, updated_at 2026-08-19T21:18:56Z; pushed commit in its 'main -> main' range per job log)",PROVEN
2026-08-20,data/snapshots/2026-08-19.csv,c0ee269eed30f22e10fda1e8fd3c2f2ac4fe797f,2026-08-19T20:56:52Z,2026-08-19T20:56:58Z,"actions_run 32301194644 (Finviz Daily Snapshot, schedule; created_at 2026-08-19T20:55:44Z, updated_at 2026-08-19T20:56:58Z; pushed commit in its 'main -> main' range per job log)",PROVEN
2026-08-20,data/universe/2026-08-19_membership.csv,5641cdf95cbd4bbb7e5dc3f924e97d4f82729d4f,2026-08-19T21:18:48Z,2026-08-19T21:18:56Z,"actions_run 32303058275 (Finviz Score Delta, schedule; created_at 2026-08-19T21:16:53Z, updated_at 2026-08-19T21:18:56Z; pushed commit in its 'main -> main' range per job log)",PROVEN
2026-08-21,data/composite/2026-08-20_composite_rank.csv,82e4f42c6a28f03b4cf5b5456498c0c18100ae1d,2026-08-20T21:47:38Z,2026-08-20T21:56:37Z,"actions_run 32421063605 (Composite Rank, schedule; created_at 2026-08-20T21:46:18Z, updated_at 2026-08-20T21:56:37Z; pushed commit in its 'main -> main' range per job log)",PROVEN
2026-08-21,data/features/2026-08-20_1d.csv,1a2853e653f196ad9423fef72d1063cb32d204fe,2026-08-20T21:20:21Z,2026-08-20T21:20:30Z,"actions_run 32418761396 (Finviz Score Delta, schedule; created_at 2026-08-20T21:18:52Z, updated_at 2026-08-20T21:20:30Z; pushed commit in its 'main -> main' range per job log)",PROVEN
2026-08-21,data/scores/2026-08-20_1d.csv,1a2853e653f196ad9423fef72d1063cb32d204fe,2026-08-20T21:20:21Z,2026-08-20T21:20:30Z,"actions_run 32418761396 (Finviz Score Delta, schedule; created_at 2026-08-20T21:18:52Z, updated_at 2026-08-20T21:20:30Z; pushed commit in its 'main -> main' range per job log)",PROVEN
2026-08-21,data/scores/2026-08-20_1m.csv,1a2853e653f196ad9423fef72d1063cb32d204fe,2026-08-20T21:20:21Z,2026-08-20T21:20:30Z,"actions_run 32418761396 (Finviz Score Delta, schedule; created_at 2026-08-20T21:18:52Z, updated_at 2026-08-20T21:20:30Z; pushed commit in its 'main -> main' range per job log)",PROVEN
2026-08-21,data/scores/2026-08-20_1w.csv,1a2853e653f196ad9423fef72d1063cb32d204fe,2026-08-20T21:20:21Z,2026-08-20T21:20:30Z,"actions_run 32418761396 (Finviz Score Delta, schedule; created_at 2026-08-20T21:18:52Z, updated_at 2026-08-20T21:20:30Z; pushed commit in its 'main -> main' range per job log)",PROVEN
2026-08-21,data/snapshots/2026-08-20.csv,9f6efeb4c66746da92bd0eb6dba78007a5eb3ecf,2026-08-20T20:58:25Z,2026-08-20T20:58:31Z,"actions_run 32416911183 (Finviz Daily Snapshot, schedule; created_at 2026-08-20T20:57:51Z, updated_at 2026-08-20T20:58:31Z; pushed commit in its 'main -> main' range per job log)",PROVEN
2026-08-21,data/universe/2026-08-20_membership.csv,1a2853e653f196ad9423fef72d1063cb32d204fe,2026-08-20T21:20:21Z,2026-08-20T21:20:30Z,"actions_run 32418761396 (Finviz Score Delta, schedule; created_at 2026-08-20T21:18:52Z, updated_at 2026-08-20T21:20:30Z; pushed commit in its 'main -> main' range per job log)",PROVEN
2026-08-24,data/composite/2026-08-21_composite_rank.csv,19cc67eb87274e116b634b8808f8dc3a569ad74b,2026-08-21T21:43:20Z,2026-08-21T21:43:25Z,"actions_run 32529753466 (Composite Rank, schedule; created_at 2026-08-21T21:42:30Z, updated_at 2026-08-21T21:43:25Z; pushed commit in its 'main -> main' range per job log)",PROVEN
2026-08-24,data/features/2026-08-21_1d.csv,6a5d4360186f1c935f059f46312740fd40125dca,2026-08-21T21:15:41Z,2026-08-21T21:15:50Z,"actions_run 32527528532 (Finviz Score Delta, schedule; created_at 2026-08-21T21:14:12Z, updated_at 2026-08-21T21:15:50Z; pushed commit in its 'main -> main' range per job log)",PROVEN
2026-08-24,data/scores/2026-08-21_1d.csv,6a5d4360186f1c935f059f46312740fd40125dca,2026-08-21T21:15:41Z,2026-08-21T21:15:50Z,"actions_run 32527528532 (Finviz Score Delta, schedule; created_at 2026-08-21T21:14:12Z, updated_at 2026-08-21T21:15:50Z; pushed commit in its 'main -> main' range per job log)",PROVEN
2026-08-24,data/scores/2026-08-21_1m.csv,6a5d4360186f1c935f059f46312740fd40125dca,2026-08-21T21:15:41Z,2026-08-21T21:15:50Z,"actions_run 32527528532 (Finviz Score Delta, schedule; created_at 2026-08-21T21:14:12Z, updated_at 2026-08-21T21:15:50Z; pushed commit in its 'main -> main' range per job log)",PROVEN
2026-08-24,data/scores/2026-08-21_1w.csv,6a5d4360186f1c935f059f46312740fd40125dca,2026-08-21T21:15:41Z,2026-08-21T21:15:50Z,"actions_run 32527528532 (Finviz Score Delta, schedule; created_at 2026-08-21T21:14:12Z, updated_at 2026-08-21T21:15:50Z; pushed commit in its 'main -> main' range per job log)",PROVEN
2026-08-24,data/snapshots/2026-08-21.csv,03103e30e9afa36218dc02e6813a1af938489a4f,2026-08-21T20:52:32Z,2026-08-21T20:52:41Z,"actions_run 32525705353 (Finviz Daily Snapshot, schedule; created_at 2026-08-21T20:51:53Z, updated_at 2026-08-21T20:52:41Z; pushed commit in its 'main -> main' range per job log)",PROVEN
2026-08-24,data/universe/2026-08-21_membership.csv,6a5d4360186f1c935f059f46312740fd40125dca,2026-08-21T21:15:41Z,2026-08-21T21:15:50Z,"actions_run 32527528532 (Finviz Score Delta, schedule; created_at 2026-08-21T21:14:12Z, updated_at 2026-08-21T21:15:50Z; pushed commit in its 'main -> main' range per job log)",PROVEN
2026-08-25,data/composite/2026-08-24_composite_rank.csv,7e1d8aaed52283620d4193e9027ae63e5836dd96,2026-08-24T21:47:24Z,2026-08-24T21:47:29Z,"actions_run 32781287743 (Composite Rank, schedule; created_at 2026-08-24T21:46:32Z, updated_at 2026-08-24T21:47:29Z; pushed commit in its 'main -> main' range per job log)",PROVEN
2026-08-25,data/features/2026-08-24_1d.csv,0042786b9de0d4a855056e4e91efc8353ff36330,2026-08-24T21:21:31Z,2026-08-24T21:21:39Z,"actions_run 32778889251 (Finviz Score Delta, schedule; created_at 2026-08-24T21:19:39Z, updated_at 2026-08-24T21:21:39Z; pushed commit in its 'main -> main' range per job log)",PROVEN
2026-08-25,data/scores/2026-08-24_1d.csv,0042786b9de0d4a855056e4e91efc8353ff36330,2026-08-24T21:21:31Z,2026-08-24T21:21:39Z,"actions_run 32778889251 (Finviz Score Delta, schedule; created_at 2026-08-24T21:19:39Z, updated_at 2026-08-24T21:21:39Z; pushed commit in its 'main -> main' range per job log)",PROVEN
2026-08-25,data/scores/2026-08-24_1m.csv,0042786b9de0d4a855056e4e91efc8353ff36330,2026-08-24T21:21:31Z,2026-08-24T21:21:39Z,"actions_run 32778889251 (Finviz Score Delta, schedule; created_at 2026-08-24T21:19:39Z, updated_at 2026-08-24T21:21:39Z; pushed commit in its 'main -> main' range per job log)",PROVEN
2026-08-25,data/scores/2026-08-24_1w.csv,0042786b9de0d4a855056e4e91efc8353ff36330,2026-08-24T21:21:31Z,2026-08-24T21:21:39Z,"actions_run 32778889251 (Finviz Score Delta, schedule; created_at 2026-08-24T21:19:39Z, updated_at 2026-08-24T21:21:39Z; pushed commit in its 'main -> main' range per job log)",PROVEN
2026-08-25,data/snapshots/2026-08-24.csv,e05cc702340724294b9e3123b1f88bc5ce3b4802,2026-08-24T21:00:40Z,2026-08-24T21:00:48Z,"actions_run 32777047461 (Finviz Daily Snapshot, schedule; created_at 2026-08-24T20:59:57Z, updated_at 2026-08-24T21:00:48Z; pushed commit in its 'main -> main' range per job log)",PROVEN
2026-08-25,data/universe/2026-08-24_membership.csv,0042786b9de0d4a855056e4e91efc8353ff36330,2026-08-24T21:21:31Z,2026-08-24T21:21:39Z,"actions_run 32778889251 (Finviz Score Delta, schedule; created_at 2026-08-24T21:19:39Z, updated_at 2026-08-24T21:21:39Z; pushed commit in its 'main -> main' range per job log)",PROVEN
2026-08-26,data/composite/2026-08-25_composite_rank.csv,c5e397b86f70c48e534c6a785d49a64373957ba4,2026-08-25T21:47:27Z,2026-08-25T21:47:31Z,"actions_run 32902766323 (Composite Rank, schedule; created_at 2026-08-25T21:46:21Z, updated_at 2026-08-25T21:47:31Z; pushed commit in its 'main -> main' range per job log)",PROVEN
2026-08-26,data/features/2026-08-25_1d.csv,5a886d42e04d79eca412fe17aeff956066caef02,2026-08-25T21:20:25Z,2026-08-25T21:20:32Z,"actions_run 32900298866 (Finviz Score Delta, schedule; created_at 2026-08-25T21:18:31Z, updated_at 2026-08-25T21:20:32Z; pushed commit in its 'main -> main' range per job log)",PROVEN
2026-08-26,data/scores/2026-08-25_1d.csv,5a886d42e04d79eca412fe17aeff956066caef02,2026-08-25T21:20:25Z,2026-08-25T21:20:32Z,"actions_run 32900298866 (Finviz Score Delta, schedule; created_at 2026-08-25T21:18:31Z, updated_at 2026-08-25T21:20:32Z; pushed commit in its 'main -> main' range per job log)",PROVEN
2026-08-26,data/scores/2026-08-25_1m.csv,5a886d42e04d79eca412fe17aeff956066caef02,2026-08-25T21:20:25Z,2026-08-25T21:20:32Z,"actions_run 32900298866 (Finviz Score Delta, schedule; created_at 2026-08-25T21:18:31Z, updated_at 2026-08-25T21:20:32Z; pushed commit in its 'main -> main' range per job log)",PROVEN
2026-08-26,data/scores/2026-08-25_1w.csv,5a886d42e04d79eca412fe17aeff956066caef02,2026-08-25T21:20:25Z,2026-08-25T21:20:32Z,"actions_run 32900298866 (Finviz Score Delta, schedule; created_at 2026-08-25T21:18:31Z, updated_at 2026-08-25T21:20:32Z; pushed commit in its 'main -> main' range per job log)",PROVEN
2026-08-26,data/snapshots/2026-08-25.csv,7948a17e4a8b373b4837dc540da73ba67149a2a4,2026-08-25T20:57:34Z,2026-08-25T20:57:40Z,"actions_run 32898256110 (Finviz Daily Snapshot, schedule; created_at 2026-08-25T20:56:45Z, updated_at 2026-08-25T20:57:40Z; pushed commit in its 'main -> main' range per job log)",PROVEN
2026-08-26,data/universe/2026-08-25_membership.csv,5a886d42e04d79eca412fe17aeff956066caef02,2026-08-25T21:20:25Z,2026-08-25T21:20:32Z,"actions_run 32900298866 (Finviz Score Delta, schedule; created_at 2026-08-25T21:18:31Z, updated_at 2026-08-25T21:20:32Z; pushed commit in its 'main -> main' range per job log)",PROVEN
2026-08-27,data/composite/2026-08-26_composite_rank.csv,87c4106bd45ea0fe4b103d498509b49d3ec55936,2026-08-27T00:51:10Z,2026-08-27T00:51:14Z,"actions_run 33028163095 (Composite Rank, schedule; created_at 2026-08-27T00:50:28Z, updated_at 2026-08-27T00:51:14Z; pushed commit in its 'main -> main' range per job log); push event 19064527598 at 2026-08-27T00:51:12Z",PROVEN
2026-08-27,data/features/2026-08-26_1d.csv,45aca2142919713b4089d2b3185769deebee1965,2026-08-27T00:22:20Z,2026-08-27T00:22:28Z,"actions_run 33026531289 (Finviz Score Delta, schedule; created_at 2026-08-27T00:20:52Z, updated_at 2026-08-27T00:22:28Z; pushed commit in its 'main -> main' range per job log); push event 19008110693 at 2026-08-27T00:22:26Z",PROVEN
2026-08-27,data/scores/2026-08-26_1d.csv,45aca2142919713b4089d2b3185769deebee1965,2026-08-27T00:22:20Z,2026-08-27T00:22:28Z,"actions_run 33026531289 (Finviz Score Delta, schedule; created_at 2026-08-27T00:20:52Z, updated_at 2026-08-27T00:22:28Z; pushed commit in its 'main -> main' range per job log); push event 19008110693 at 2026-08-27T00:22:26Z",PROVEN
2026-08-27,data/scores/2026-08-26_1m.csv,45aca2142919713b4089d2b3185769deebee1965,2026-08-27T00:22:20Z,2026-08-27T00:22:28Z,"actions_run 33026531289 (Finviz Score Delta, schedule; created_at 2026-08-27T00:20:52Z, updated_at 2026-08-27T00:22:28Z; pushed commit in its 'main -> main' range per job log); push event 19008110693 at 2026-08-27T00:22:26Z",PROVEN
2026-08-27,data/scores/2026-08-26_1w.csv,45aca2142919713b4089d2b3185769deebee1965,2026-08-27T00:22:20Z,2026-08-27T00:22:28Z,"actions_run 33026531289 (Finviz Score Delta, schedule; created_at 2026-08-27T00:20:52Z, updated_at 2026-08-27T00:22:28Z; pushed commit in its 'main -> main' range per job log); push event 19008110693 at 2026-08-27T00:22:26Z",PROVEN
2026-08-27,data/snapshots/2026-08-26.csv,01a90174fa1039b0e2c242a68ca3ab6e054e3516,2026-08-27T00:00:57Z,2026-08-27T00:01:10Z,"actions_run 33025264557 (Finviz Daily Snapshot, schedule; created_at 2026-08-26T23:59:26Z, updated_at 2026-08-27T00:01:10Z; pushed commit in its 'main -> main' range per job log); push event 19134375559 at 2026-08-27T00:01:06Z",PROVEN
2026-08-27,data/universe/2026-08-26_membership.csv,45aca2142919713b4089d2b3185769deebee1965,2026-08-27T00:22:20Z,2026-08-27T00:22:28Z,"actions_run 33026531289 (Finviz Score Delta, schedule; created_at 2026-08-27T00:20:52Z, updated_at 2026-08-27T00:22:28Z; pushed commit in its 'main -> main' range per job log); push event 19008110693 at 2026-08-27T00:22:26Z",PROVEN
2026-08-31,data/composite/2026-08-28_composite_rank.csv,a915bfb07f16205cb8334dda39dda87a246585e1,2026-08-29T03:12:07Z,2026-08-29T03:12:11Z,"actions_run 33230766254 (Composite Rank, schedule; created_at 2026-08-29T03:11:18Z, updated_at 2026-08-29T03:12:11Z; pushed commit in its 'main -> main' range per job log); push event 19348848000 at 2026-08-29T03:12:09Z",PROVEN
2026-08-31,data/features/2026-08-28_1d.csv,82cddccbafde6ed8c703dc766ec0b48c8b6856a8,2026-08-29T02:58:47Z,2026-08-29T02:58:55Z,"actions_run 33230170606 (Finviz Score Delta, schedule; created_at 2026-08-29T02:56:48Z, updated_at 2026-08-29T02:58:55Z; pushed commit in its 'main -> main' range per job log); push event 19348179534 at 2026-08-29T02:58:51Z",PROVEN
2026-08-31,data/scores/2026-08-28_1d.csv,82cddccbafde6ed8c703dc766ec0b48c8b6856a8,2026-08-29T02:58:47Z,2026-08-29T02:58:55Z,"actions_run 33230170606 (Finviz Score Delta, schedule; created_at 2026-08-29T02:56:48Z, updated_at 2026-08-29T02:58:55Z; pushed commit in its 'main -> main' range per job log); push event 19348179534 at 2026-08-29T02:58:51Z",PROVEN
2026-08-31,data/scores/2026-08-28_1m.csv,82cddccbafde6ed8c703dc766ec0b48c8b6856a8,2026-08-29T02:58:47Z,2026-08-29T02:58:55Z,"actions_run 33230170606 (Finviz Score Delta, schedule; created_at 2026-08-29T02:56:48Z, updated_at 2026-08-29T02:58:55Z; pushed commit in its 'main -> main' range per job log); push event 19348179534 at 2026-08-29T02:58:51Z",PROVEN
2026-08-31,data/scores/2026-08-28_1w.csv,82cddccbafde6ed8c703dc766ec0b48c8b6856a8,2026-08-29T02:58:47Z,2026-08-29T02:58:55Z,"actions_run 33230170606 (Finviz Score Delta, schedule; created_at 2026-08-29T02:56:48Z, updated_at 2026-08-29T02:58:55Z; pushed commit in its 'main -> main' range per job log); push event 19348179534 at 2026-08-29T02:58:51Z",PROVEN
2026-08-31,data/snapshots/2026-08-28.csv,946f1237e81ffd3efc915e7c82daca3e4e0e5fef,2026-08-29T02:53:58Z,2026-08-29T02:54:06Z,"actions_run 33230038306 (Finviz Daily Snapshot, schedule; created_at 2026-08-29T02:53:11Z, updated_at 2026-08-29T02:54:06Z; pushed commit in its 'main -> main' range per job log); push event 19347961489 at 2026-08-29T02:54:03Z",PROVEN
2026-08-31,data/universe/2026-08-28_membership.csv,82cddccbafde6ed8c703dc766ec0b48c8b6856a8,2026-08-29T02:58:47Z,2026-08-29T02:58:55Z,"actions_run 33230170606 (Finviz Score Delta, schedule; created_at 2026-08-29T02:56:48Z, updated_at 2026-08-29T02:58:55Z; pushed commit in its 'main -> main' range per job log); push event 19348179534 at 2026-08-29T02:58:51Z",PROVEN
2026-09-01,data/composite/2026-08-31_composite_rank.csv,436350e6b10b0917841eafb2e38252d8ade8f944,2026-09-01T00:40:09Z,2026-09-01T00:40:14Z,"actions_run 33455634952 (Composite Rank, schedule; created_at 2026-09-01T00:39:23Z, updated_at 2026-09-01T00:40:14Z; pushed commit in its 'main -> main' range per job log); push event 19649676930 at 2026-09-01T00:40:11Z",PROVEN
2026-09-01,data/features/2026-08-31_1d.csv,b21802005a50195a90737bd8920ea171510ba25c,2026-09-01T00:14:40Z,2026-09-01T00:14:47Z,"actions_run 33453853298 (Finviz Score Delta, schedule; created_at 2026-09-01T00:13:05Z, updated_at 2026-09-01T00:14:47Z; pushed commit in its 'main -> main' range per job log); push event 19600683386 at 2026-09-01T00:14:45Z",PROVEN
2026-09-01,data/scores/2026-08-31_1d.csv,b21802005a50195a90737bd8920ea171510ba25c,2026-09-01T00:14:40Z,2026-09-01T00:14:47Z,"actions_run 33453853298 (Finviz Score Delta, schedule; created_at 2026-09-01T00:13:05Z, updated_at 2026-09-01T00:14:47Z; pushed commit in its 'main -> main' range per job log); push event 19600683386 at 2026-09-01T00:14:45Z",PROVEN
2026-09-01,data/scores/2026-08-31_1m.csv,b21802005a50195a90737bd8920ea171510ba25c,2026-09-01T00:14:40Z,2026-09-01T00:14:47Z,"actions_run 33453853298 (Finviz Score Delta, schedule; created_at 2026-09-01T00:13:05Z, updated_at 2026-09-01T00:14:47Z; pushed commit in its 'main -> main' range per job log); push event 19600683386 at 2026-09-01T00:14:45Z",PROVEN
2026-09-01,data/scores/2026-08-31_1w.csv,b21802005a50195a90737bd8920ea171510ba25c,2026-09-01T00:14:40Z,2026-09-01T00:14:47Z,"actions_run 33453853298 (Finviz Score Delta, schedule; created_at 2026-09-01T00:13:05Z, updated_at 2026-09-01T00:14:47Z; pushed commit in its 'main -> main' range per job log); push event 19600683386 at 2026-09-01T00:14:45Z",PROVEN
2026-09-01,data/snapshots/2026-08-31.csv,25568b6a6997c7015be4c1e90742beaf47213149,2026-09-01T00:02:52Z,2026-09-01T00:03:00Z,"actions_run 33453120680 (Finviz Daily Snapshot, schedule; created_at 2026-09-01T00:02:06Z, updated_at 2026-09-01T00:03:00Z; pushed commit in its 'main -> main' range per job log); push event 19600189072 at 2026-09-01T00:02:58Z",PROVEN
2026-09-01,data/universe/2026-08-31_membership.csv,b21802005a50195a90737bd8920ea171510ba25c,2026-09-01T00:14:40Z,2026-09-01T00:14:47Z,"actions_run 33453853298 (Finviz Score Delta, schedule; created_at 2026-09-01T00:13:05Z, updated_at 2026-09-01T00:14:47Z; pushed commit in its 'main -> main' range per job log); push event 19600683386 at 2026-09-01T00:14:45Z",PROVEN
2026-09-02,data/composite/2026-09-01_composite_rank.csv,d803e2c98496ba62e442c5e15b182e0198f8053a,2026-09-01T23:21:52Z,2026-09-01T23:21:57Z,"actions_run 33570612447 (Composite Rank, schedule; created_at 2026-09-01T23:20:57Z, updated_at 2026-09-01T23:21:57Z; pushed commit in its 'main -> main' range per job log); push event 19760743434 at 2026-09-01T23:21:55Z",PROVEN
2026-09-02,data/features/2026-09-01_1d.csv,b0493b0ffbbc5d30c0f3efc0083ccd53f4004045,2026-09-01T22:56:10Z,2026-09-01T22:56:16Z,"actions_run 33568513219 (Finviz Score Delta, schedule; created_at 2026-09-01T22:54:15Z, updated_at 2026-09-01T22:56:16Z; pushed commit in its 'main -> main' range per job log); push event 19773894638 at 2026-09-01T22:56:14Z",PROVEN
2026-09-02,data/scores/2026-09-01_1d.csv,b0493b0ffbbc5d30c0f3efc0083ccd53f4004045,2026-09-01T22:56:10Z,2026-09-01T22:56:16Z,"actions_run 33568513219 (Finviz Score Delta, schedule; created_at 2026-09-01T22:54:15Z, updated_at 2026-09-01T22:56:16Z; pushed commit in its 'main -> main' range per job log); push event 19773894638 at 2026-09-01T22:56:14Z",PROVEN
2026-09-02,data/scores/2026-09-01_1m.csv,b0493b0ffbbc5d30c0f3efc0083ccd53f4004045,2026-09-01T22:56:10Z,2026-09-01T22:56:16Z,"actions_run 33568513219 (Finviz Score Delta, schedule; created_at 2026-09-01T22:54:15Z, updated_at 2026-09-01T22:56:16Z; pushed commit in its 'main -> main' range per job log); push event 19773894638 at 2026-09-01T22:56:14Z",PROVEN
2026-09-02,data/scores/2026-09-01_1w.csv,b0493b0ffbbc5d30c0f3efc0083ccd53f4004045,2026-09-01T22:56:10Z,2026-09-01T22:56:16Z,"actions_run 33568513219 (Finviz Score Delta, schedule; created_at 2026-09-01T22:54:15Z, updated_at 2026-09-01T22:56:16Z; pushed commit in its 'main -> main' range per job log); push event 19773894638 at 2026-09-01T22:56:14Z",PROVEN
2026-09-02,data/snapshots/2026-09-01.csv,c421900d79bad3ec5e0e187e5f7b1c27777b973b,2026-09-01T22:46:11Z,2026-09-01T22:46:19Z,"actions_run 33567827355 (Finviz Daily Snapshot, schedule; created_at 2026-09-01T22:45:26Z, updated_at 2026-09-01T22:46:19Z; pushed commit in its 'main -> main' range per job log); push event 19723572196 at 2026-09-01T22:46:16Z",PROVEN
2026-09-02,data/universe/2026-09-01_membership.csv,b0493b0ffbbc5d30c0f3efc0083ccd53f4004045,2026-09-01T22:56:10Z,2026-09-01T22:56:16Z,"actions_run 33568513219 (Finviz Score Delta, schedule; created_at 2026-09-01T22:54:15Z, updated_at 2026-09-01T22:56:16Z; pushed commit in its 'main -> main' range per job log); push event 19773894638 at 2026-09-01T22:56:14Z",PROVEN
2026-09-03,data/composite/2026-09-02_composite_rank.csv,35a733789318a88f80b3b836a4793256d0fb324e,2026-09-02T23:21:57Z,2026-09-02T23:22:02Z,"actions_run 33694670986 (Composite Rank, schedule; created_at 2026-09-02T23:20:59Z, updated_at 2026-09-02T23:22:02Z; pushed commit in its 'main -> main' range per job log); push event 19865255469 at 2026-09-02T23:22:00Z",PROVEN
2026-09-03,data/features/2026-09-02_1d.csv,aba6d110e1ca1db7552bb2feb9a263e02d3ebc95,2026-09-02T22:56:23Z,2026-09-02T22:56:31Z,"actions_run 33692595832 (Finviz Score Delta, schedule; created_at 2026-09-02T22:54:16Z, updated_at 2026-09-02T22:56:31Z; pushed commit in its 'main -> main' range per job log); push event 20026237412 at 2026-09-02T22:56:28Z",PROVEN
2026-09-03,data/scores/2026-09-02_1d.csv,aba6d110e1ca1db7552bb2feb9a263e02d3ebc95,2026-09-02T22:56:23Z,2026-09-02T22:56:31Z,"actions_run 33692595832 (Finviz Score Delta, schedule; created_at 2026-09-02T22:54:16Z, updated_at 2026-09-02T22:56:31Z; pushed commit in its 'main -> main' range per job log); push event 20026237412 at 2026-09-02T22:56:28Z",PROVEN
2026-09-03,data/scores/2026-09-02_1m.csv,aba6d110e1ca1db7552bb2feb9a263e02d3ebc95,2026-09-02T22:56:23Z,2026-09-02T22:56:31Z,"actions_run 33692595832 (Finviz Score Delta, schedule; created_at 2026-09-02T22:54:16Z, updated_at 2026-09-02T22:56:31Z; pushed commit in its 'main -> main' range per job log); push event 20026237412 at 2026-09-02T22:56:28Z",PROVEN
2026-09-03,data/scores/2026-09-02_1w.csv,aba6d110e1ca1db7552bb2feb9a263e02d3ebc95,2026-09-02T22:56:23Z,2026-09-02T22:56:31Z,"actions_run 33692595832 (Finviz Score Delta, schedule; created_at 2026-09-02T22:54:16Z, updated_at 2026-09-02T22:56:31Z; pushed commit in its 'main -> main' range per job log); push event 20026237412 at 2026-09-02T22:56:28Z",PROVEN
2026-09-03,data/snapshots/2026-09-02.csv,c21d7aaa3de0a9955a7ca393fc190a9e8f564544,2026-09-02T22:47:56Z,2026-09-02T22:48:03Z,"actions_run 33692047066 (Finviz Daily Snapshot, schedule; created_at 2026-09-02T22:47:08Z, updated_at 2026-09-02T22:48:03Z; pushed commit in its 'main -> main' range per job log); push event 19982038241 at 2026-09-02T22:48:00Z",PROVEN
2026-09-03,data/universe/2026-09-02_membership.csv,aba6d110e1ca1db7552bb2feb9a263e02d3ebc95,2026-09-02T22:56:23Z,2026-09-02T22:56:31Z,"actions_run 33692595832 (Finviz Score Delta, schedule; created_at 2026-09-02T22:54:16Z, updated_at 2026-09-02T22:56:31Z; pushed commit in its 'main -> main' range per job log); push event 20026237412 at 2026-09-02T22:56:28Z",PROVEN
2026-09-04,data/composite/2026-09-03_composite_rank.csv,c182255fa5fc238beaae7f96b77c918cc1bd6be1,2026-09-03T23:19:52Z,2026-09-03T23:19:57Z,"actions_run 33817041495 (Composite Rank, schedule; created_at 2026-09-03T23:18:44Z, updated_at 2026-09-03T23:19:57Z; pushed commit in its 'main -> main' range per job log); push event 20055411380 at 2026-09-03T23:19:54Z",PROVEN
2026-09-04,data/features/2026-09-03_1d.csv,389253c08b72c3047a44221fa56d1f521c13e1fd,2026-09-03T22:56:07Z,2026-09-03T22:56:15Z,"actions_run 33815166781 (Finviz Score Delta, schedule; created_at 2026-09-03T22:53:46Z, updated_at 2026-09-03T22:56:15Z; pushed commit in its 'main -> main' range per job log); push event 20179718625 at 2026-09-03T22:56:13Z",PROVEN
2026-09-04,data/scores/2026-09-03_1d.csv,389253c08b72c3047a44221fa56d1f521c13e1fd,2026-09-03T22:56:07Z,2026-09-03T22:56:15Z,"actions_run 33815166781 (Finviz Score Delta, schedule; created_at 2026-09-03T22:53:46Z, updated_at 2026-09-03T22:56:15Z; pushed commit in its 'main -> main' range per job log); push event 20179718625 at 2026-09-03T22:56:13Z",PROVEN
2026-09-04,data/scores/2026-09-03_1m.csv,389253c08b72c3047a44221fa56d1f521c13e1fd,2026-09-03T22:56:07Z,2026-09-03T22:56:15Z,"actions_run 33815166781 (Finviz Score Delta, schedule; created_at 2026-09-03T22:53:46Z, updated_at 2026-09-03T22:56:15Z; pushed commit in its 'main -> main' range per job log); push event 20179718625 at 2026-09-03T22:56:13Z",PROVEN
2026-09-04,data/scores/2026-09-03_1w.csv,389253c08b72c3047a44221fa56d1f521c13e1fd,2026-09-03T22:56:07Z,2026-09-03T22:56:15Z,"actions_run 33815166781 (Finviz Score Delta, schedule; created_at 2026-09-03T22:53:46Z, updated_at 2026-09-03T22:56:15Z; pushed commit in its 'main -> main' range per job log); push event 20179718625 at 2026-09-03T22:56:13Z",PROVEN
2026-09-04,data/snapshots/2026-09-03.csv,85cd460af8755afd3e5155f094220af1f860cd54,2026-09-03T22:45:46Z,2026-09-03T22:45:53Z,"actions_run 33814488206 (Finviz Daily Snapshot, schedule; created_at 2026-09-03T22:44:52Z, updated_at 2026-09-03T22:45:53Z; pushed commit in its 'main -> main' range per job log); push event 19998998702 at 2026-09-03T22:45:51Z",PROVEN
2026-09-04,data/universe/2026-09-03_membership.csv,389253c08b72c3047a44221fa56d1f521c13e1fd,2026-09-03T22:56:07Z,2026-09-03T22:56:15Z,"actions_run 33815166781 (Finviz Score Delta, schedule; created_at 2026-09-03T22:53:46Z, updated_at 2026-09-03T22:56:15Z; pushed commit in its 'main -> main' range per job log); push event 20179718625 at 2026-09-03T22:56:13Z",PROVEN
2026-09-08,data/composite/2026-09-04_composite_rank.csv,97d057866332f6026cdb48ff7ef58ed34d261aea,2026-09-04T23:05:07Z,2026-09-04T23:05:11Z,"actions_run 33928059775 (Composite Rank, schedule; created_at 2026-09-04T23:04:07Z, updated_at 2026-09-04T23:05:11Z; pushed commit in its 'main -> main' range per job log); push event 20162340511 at 2026-09-04T23:05:09Z",PROVEN
2026-09-08,data/features/2026-09-04_1d.csv,118bd7c5e7807eb5855d24d74b9ae6acde3595da,2026-09-04T22:40:50Z,2026-09-04T22:40:57Z,"actions_run 33926382084 (Finviz Score Delta, schedule; created_at 2026-09-04T22:38:43Z, updated_at 2026-09-04T22:40:57Z; pushed commit in its 'main -> main' range per job log); push event 20107932503 at 2026-09-04T22:40:54Z",PROVEN
2026-09-08,data/scores/2026-09-04_1d.csv,118bd7c5e7807eb5855d24d74b9ae6acde3595da,2026-09-04T22:40:50Z,2026-09-04T22:40:57Z,"actions_run 33926382084 (Finviz Score Delta, schedule; created_at 2026-09-04T22:38:43Z, updated_at 2026-09-04T22:40:57Z; pushed commit in its 'main -> main' range per job log); push event 20107932503 at 2026-09-04T22:40:54Z",PROVEN
2026-09-08,data/scores/2026-09-04_1m.csv,118bd7c5e7807eb5855d24d74b9ae6acde3595da,2026-09-04T22:40:50Z,2026-09-04T22:40:57Z,"actions_run 33926382084 (Finviz Score Delta, schedule; created_at 2026-09-04T22:38:43Z, updated_at 2026-09-04T22:40:57Z; pushed commit in its 'main -> main' range per job log); push event 20107932503 at 2026-09-04T22:40:54Z",PROVEN
2026-09-08,data/scores/2026-09-04_1w.csv,118bd7c5e7807eb5855d24d74b9ae6acde3595da,2026-09-04T22:40:50Z,2026-09-04T22:40:57Z,"actions_run 33926382084 (Finviz Score Delta, schedule; created_at 2026-09-04T22:38:43Z, updated_at 2026-09-04T22:40:57Z; pushed commit in its 'main -> main' range per job log); push event 20107932503 at 2026-09-04T22:40:54Z",PROVEN
2026-09-08,data/snapshots/2026-09-04.csv,9561fb79fd582e63c3eccf002cc1ee600e8c04b3,2026-09-04T22:30:10Z,2026-09-04T22:30:17Z,"actions_run 33925698594 (Finviz Daily Snapshot, schedule; created_at 2026-09-04T22:29:05Z, updated_at 2026-09-04T22:30:17Z; pushed commit in its 'main -> main' range per job log); push event 20161710508 at 2026-09-04T22:30:14Z",PROVEN
2026-09-08,data/universe/2026-09-04_membership.csv,118bd7c5e7807eb5855d24d74b9ae6acde3595da,2026-09-04T22:40:50Z,2026-09-04T22:40:57Z,"actions_run 33926382084 (Finviz Score Delta, schedule; created_at 2026-09-04T22:38:43Z, updated_at 2026-09-04T22:40:57Z; pushed commit in its 'main -> main' range per job log); push event 20107932503 at 2026-09-04T22:40:54Z",PROVEN
2026-09-09,data/composite/2026-09-08_composite_rank.csv,554a0d74a362b49e41c5745784f81e90c8c62ab9,2026-09-08T23:26:29Z,2026-09-08T23:26:33Z,"actions_run 34290581391 (Composite Rank, schedule; created_at 2026-09-08T23:25:30Z, updated_at 2026-09-08T23:26:33Z; pushed commit in its 'main -> main' range per job log); push event 20507599870 at 2026-09-08T23:26:32Z",PROVEN
2026-09-09,data/features/2026-09-08_1d.csv,c6cd40acd9ec24526b9d49e4d42851606069d80d,2026-09-08T23:05:48Z,2026-09-08T23:05:58Z,"actions_run 34288886622 (Finviz Score Delta, schedule; created_at 2026-09-08T23:03:32Z, updated_at 2026-09-08T23:05:58Z; pushed commit in its 'main -> main' range per job log); push event 20504306221 at 2026-09-08T23:05:55Z",PROVEN
2026-09-09,data/scores/2026-09-08_1d.csv,c6cd40acd9ec24526b9d49e4d42851606069d80d,2026-09-08T23:05:48Z,2026-09-08T23:05:58Z,"actions_run 34288886622 (Finviz Score Delta, schedule; created_at 2026-09-08T23:03:32Z, updated_at 2026-09-08T23:05:58Z; pushed commit in its 'main -> main' range per job log); push event 20504306221 at 2026-09-08T23:05:55Z",PROVEN
2026-09-09,data/scores/2026-09-08_1m.csv,c6cd40acd9ec24526b9d49e4d42851606069d80d,2026-09-08T23:05:48Z,2026-09-08T23:05:58Z,"actions_run 34288886622 (Finviz Score Delta, schedule; created_at 2026-09-08T23:03:32Z, updated_at 2026-09-08T23:05:58Z; pushed commit in its 'main -> main' range per job log); push event 20504306221 at 2026-09-08T23:05:55Z",PROVEN
2026-09-09,data/scores/2026-09-08_1w.csv,c6cd40acd9ec24526b9d49e4d42851606069d80d,2026-09-08T23:05:48Z,2026-09-08T23:05:58Z,"actions_run 34288886622 (Finviz Score Delta, schedule; created_at 2026-09-08T23:03:32Z, updated_at 2026-09-08T23:05:58Z; pushed commit in its 'main -> main' range per job log); push event 20504306221 at 2026-09-08T23:05:55Z",PROVEN
2026-09-09,data/snapshots/2026-09-08.csv,fceabb131123514c75cd907f6dcb7cc3a7fd8b70,2026-09-08T22:55:52Z,2026-09-08T22:56:01Z,"actions_run 34288228016 (Finviz Daily Snapshot, schedule; created_at 2026-09-08T22:55:04Z, updated_at 2026-09-08T22:56:01Z; pushed commit in its 'main -> main' range per job log); push event 20669296839 at 2026-09-08T22:55:58Z",PROVEN
2026-09-09,data/universe/2026-09-08_membership.csv,c6cd40acd9ec24526b9d49e4d42851606069d80d,2026-09-08T23:05:48Z,2026-09-08T23:05:58Z,"actions_run 34288886622 (Finviz Score Delta, schedule; created_at 2026-09-08T23:03:32Z, updated_at 2026-09-08T23:05:58Z; pushed commit in its 'main -> main' range per job log); push event 20504306221 at 2026-09-08T23:05:55Z",PROVEN
2026-09-10,data/composite/2026-09-09_composite_rank.csv,6af05ea0ec5dffa81bd5bc64d57ff4ab2c16117b,2026-09-09T23:19:34Z,2026-09-09T23:20:18Z,"actions_run 34416334776 (Composite Rank, schedule; created_at 2026-09-09T23:18:27Z, updated_at 2026-09-09T23:20:18Z; pushed commit in its 'main -> main' range per job log); push event 20781607167 at 2026-09-09T23:20:16Z",PROVEN
2026-09-10,data/features/2026-09-09_1d.csv,013a63291b87e9b52d2eed248eec28eb53380a50,2026-09-09T22:52:41Z,2026-09-09T22:52:53Z,"actions_run 34414148048 (Finviz Score Delta, schedule; created_at 2026-09-09T22:50:11Z, updated_at 2026-09-09T22:52:53Z; pushed commit in its 'main -> main' range per job log); push event 20634044973 at 2026-09-09T22:52:50Z",PROVEN
2026-09-10,data/scores/2026-09-09_1d.csv,013a63291b87e9b52d2eed248eec28eb53380a50,2026-09-09T22:52:41Z,2026-09-09T22:52:53Z,"actions_run 34414148048 (Finviz Score Delta, schedule; created_at 2026-09-09T22:50:11Z, updated_at 2026-09-09T22:52:53Z; pushed commit in its 'main -> main' range per job log); push event 20634044973 at 2026-09-09T22:52:50Z",PROVEN
2026-09-10,data/scores/2026-09-09_1m.csv,013a63291b87e9b52d2eed248eec28eb53380a50,2026-09-09T22:52:41Z,2026-09-09T22:52:53Z,"actions_run 34414148048 (Finviz Score Delta, schedule; created_at 2026-09-09T22:50:11Z, updated_at 2026-09-09T22:52:53Z; pushed commit in its 'main -> main' range per job log); push event 20634044973 at 2026-09-09T22:52:50Z",PROVEN
2026-09-10,data/scores/2026-09-09_1w.csv,013a63291b87e9b52d2eed248eec28eb53380a50,2026-09-09T22:52:41Z,2026-09-09T22:52:53Z,"actions_run 34414148048 (Finviz Score Delta, schedule; created_at 2026-09-09T22:50:11Z, updated_at 2026-09-09T22:52:53Z; pushed commit in its 'main -> main' range per job log); push event 20634044973 at 2026-09-09T22:52:50Z",PROVEN
2026-09-10,data/snapshots/2026-09-09.csv,15530ddba6757671303b008faa4fc8a44c6c3a63,2026-09-09T22:42:40Z,2026-09-09T22:42:53Z,"actions_run 34413473691 (Finviz Daily Snapshot, schedule; created_at 2026-09-09T22:41:41Z, updated_at 2026-09-09T22:42:53Z; pushed commit in its 'main -> main' range per job log); push event 20856444049 at 2026-09-09T22:42:51Z",PROVEN
2026-09-10,data/universe/2026-09-09_membership.csv,013a63291b87e9b52d2eed248eec28eb53380a50,2026-09-09T22:52:41Z,2026-09-09T22:52:53Z,"actions_run 34414148048 (Finviz Score Delta, schedule; created_at 2026-09-09T22:50:11Z, updated_at 2026-09-09T22:52:53Z; pushed commit in its 'main -> main' range per job log); push event 20634044973 at 2026-09-09T22:52:50Z",PROVEN
2026-09-11,data/composite/2026-09-10_composite_rank.csv,ec83a59644648f29931e6c21e8d8e1bf031b0d16,2026-09-10T23:14:29Z,2026-09-10T23:14:37Z,"actions_run 34541105465 (Composite Rank, schedule; created_at 2026-09-10T23:12:37Z, updated_at 2026-09-10T23:14:37Z; pushed commit in its 'main -> main' range per job log); push event 20737456299 at 2026-09-10T23:14:34Z",PROVEN
2026-09-11,data/features/2026-09-10_1d.csv,924af14507c63f500cf647c83140a250d14163e4,2026-09-10T22:53:52Z,2026-09-10T22:53:59Z,"actions_run 34539436709 (Finviz Score Delta, schedule; created_at 2026-09-10T22:51:11Z, updated_at 2026-09-10T22:53:59Z; pushed commit in its 'main -> main' range per job log); push event 20855954046 at 2026-09-10T22:53:57Z",PROVEN
2026-09-11,data/scores/2026-09-10_1d.csv,924af14507c63f500cf647c83140a250d14163e4,2026-09-10T22:53:52Z,2026-09-10T22:53:59Z,"actions_run 34539436709 (Finviz Score Delta, schedule; created_at 2026-09-10T22:51:11Z, updated_at 2026-09-10T22:53:59Z; pushed commit in its 'main -> main' range per job log); push event 20855954046 at 2026-09-10T22:53:57Z",PROVEN
2026-09-11,data/scores/2026-09-10_1m.csv,924af14507c63f500cf647c83140a250d14163e4,2026-09-10T22:53:52Z,2026-09-10T22:53:59Z,"actions_run 34539436709 (Finviz Score Delta, schedule; created_at 2026-09-10T22:51:11Z, updated_at 2026-09-10T22:53:59Z; pushed commit in its 'main -> main' range per job log); push event 20855954046 at 2026-09-10T22:53:57Z",PROVEN
2026-09-11,data/scores/2026-09-10_1w.csv,924af14507c63f500cf647c83140a250d14163e4,2026-09-10T22:53:52Z,2026-09-10T22:53:59Z,"actions_run 34539436709 (Finviz Score Delta, schedule; created_at 2026-09-10T22:51:11Z, updated_at 2026-09-10T22:53:59Z; pushed commit in its 'main -> main' range per job log); push event 20855954046 at 2026-09-10T22:53:57Z",PROVEN
2026-09-11,data/snapshots/2026-09-10.csv,3897260ae9b3e435cf46e5a4da84b6450e4ee237,2026-09-10T22:44:38Z,2026-09-10T22:44:47Z,"actions_run 34538852090 (Finviz Daily Snapshot, schedule; created_at 2026-09-10T22:43:38Z, updated_at 2026-09-10T22:44:47Z; pushed commit in its 'main -> main' range per job log); push event 20735138032 at 2026-09-10T22:44:43Z",PROVEN
2026-09-11,data/universe/2026-09-10_membership.csv,924af14507c63f500cf647c83140a250d14163e4,2026-09-10T22:53:52Z,2026-09-10T22:53:59Z,"actions_run 34539436709 (Finviz Score Delta, schedule; created_at 2026-09-10T22:51:11Z, updated_at 2026-09-10T22:53:59Z; pushed commit in its 'main -> main' range per job log); push event 20855954046 at 2026-09-10T22:53:57Z",PROVEN
2026-09-14,data/composite/2026-09-11_composite_rank.csv,245b11d43d922d9c02977207e6fe343b8ccd1c7e,2026-09-11T23:19:30Z,2026-09-11T23:19:35Z,"actions_run 34657558726 (Composite Rank, schedule; created_at 2026-09-11T23:18:33Z, updated_at 2026-09-11T23:19:35Z; pushed commit in its 'main -> main' range per job log); push event 21034290350 at 2026-09-11T23:19:32Z",PROVEN
2026-09-14,data/features/2026-09-11_1d.csv,062e3e36ef718c285c8feeed43e2124cd3f0f30e,2026-09-11T22:56:11Z,2026-09-11T22:56:18Z,"actions_run 34655924681 (Finviz Score Delta, schedule; created_at 2026-09-11T22:53:49Z, updated_at 2026-09-11T22:56:18Z; pushed commit in its 'main -> main' range per job log); push event 20848799443 at 2026-09-11T22:56:15Z",PROVEN
2026-09-14,data/scores/2026-09-11_1d.csv,062e3e36ef718c285c8feeed43e2124cd3f0f30e,2026-09-11T22:56:11Z,2026-09-11T22:56:18Z,"actions_run 34655924681 (Finviz Score Delta, schedule; created_at 2026-09-11T22:53:49Z, updated_at 2026-09-11T22:56:18Z; pushed commit in its 'main -> main' range per job log); push event 20848799443 at 2026-09-11T22:56:15Z",PROVEN
2026-09-14,data/scores/2026-09-11_1m.csv,062e3e36ef718c285c8feeed43e2124cd3f0f30e,2026-09-11T22:56:11Z,2026-09-11T22:56:18Z,"actions_run 34655924681 (Finviz Score Delta, schedule; created_at 2026-09-11T22:53:49Z, updated_at 2026-09-11T22:56:18Z; pushed commit in its 'main -> main' range per job log); push event 20848799443 at 2026-09-11T22:56:15Z",PROVEN
2026-09-14,data/scores/2026-09-11_1w.csv,062e3e36ef718c285c8feeed43e2124cd3f0f30e,2026-09-11T22:56:11Z,2026-09-11T22:56:18Z,"actions_run 34655924681 (Finviz Score Delta, schedule; created_at 2026-09-11T22:53:49Z, updated_at 2026-09-11T22:56:18Z; pushed commit in its 'main -> main' range per job log); push event 20848799443 at 2026-09-11T22:56:15Z",PROVEN
2026-09-14,data/snapshots/2026-09-11.csv,f92bdcd00ad876275b95db10715f5117cf0b4704,2026-09-11T22:45:28Z,2026-09-11T22:45:38Z,"actions_run 34655284259 (Finviz Daily Snapshot, schedule; created_at 2026-09-11T22:44:16Z, updated_at 2026-09-11T22:45:38Z; pushed commit in its 'main -> main' range per job log); push event 20848005163 at 2026-09-11T22:45:35Z",PROVEN
2026-09-14,data/universe/2026-09-11_membership.csv,062e3e36ef718c285c8feeed43e2124cd3f0f30e,2026-09-11T22:56:11Z,2026-09-11T22:56:18Z,"actions_run 34655924681 (Finviz Score Delta, schedule; created_at 2026-09-11T22:53:49Z, updated_at 2026-09-11T22:56:18Z; pushed commit in its 'main -> main' range per job log); push event 20848799443 at 2026-09-11T22:56:15Z",PROVEN
2026-09-15,data/composite/2026-09-14_composite_rank.csv,6da668cc254ea1413133f373286aecbbb49cf125,2026-09-14T23:54:20Z,2026-09-14T23:54:24Z,"actions_run 34910846578 (Composite Rank, schedule; created_at 2026-09-14T23:53:26Z, updated_at 2026-09-14T23:54:24Z; pushed commit in its 'main -> main' range per job log); push event 21156914620 at 2026-09-14T23:54:22Z",PROVEN
2026-09-15,data/features/2026-09-14_1d.csv,c8a7b73212e45f00a23bc18b617367b567c974b4,2026-09-14T23:37:54Z,2026-09-14T23:38:01Z,"actions_run 34909601588 (Finviz Score Delta, schedule; created_at 2026-09-14T23:36:09Z, updated_at 2026-09-14T23:38:01Z; pushed commit in its 'main -> main' range per job log); push event 21157748414 at 2026-09-14T23:37:58Z",PROVEN
2026-09-15,data/scores/2026-09-14_1d.csv,c8a7b73212e45f00a23bc18b617367b567c974b4,2026-09-14T23:37:54Z,2026-09-14T23:38:01Z,"actions_run 34909601588 (Finviz Score Delta, schedule; created_at 2026-09-14T23:36:09Z, updated_at 2026-09-14T23:38:01Z; pushed commit in its 'main -> main' range per job log); push event 21157748414 at 2026-09-14T23:37:58Z",PROVEN
2026-09-15,data/scores/2026-09-14_1m.csv,c8a7b73212e45f00a23bc18b617367b567c974b4,2026-09-14T23:37:54Z,2026-09-14T23:38:01Z,"actions_run 34909601588 (Finviz Score Delta, schedule; created_at 2026-09-14T23:36:09Z, updated_at 2026-09-14T23:38:01Z; pushed commit in its 'main -> main' range per job log); push event 21157748414 at 2026-09-14T23:37:58Z",PROVEN
2026-09-15,data/scores/2026-09-14_1w.csv,c8a7b73212e45f00a23bc18b617367b567c974b4,2026-09-14T23:37:54Z,2026-09-14T23:38:01Z,"actions_run 34909601588 (Finviz Score Delta, schedule; created_at 2026-09-14T23:36:09Z, updated_at 2026-09-14T23:38:01Z; pushed commit in its 'main -> main' range per job log); push event 21157748414 at 2026-09-14T23:37:58Z",PROVEN
2026-09-15,data/snapshots/2026-09-14.csv,1d9b4deb7d71a3b865e23ce51e2cccc3195d0cd8,2026-09-14T23:21:47Z,2026-09-14T23:21:54Z,"actions_run 34908432633 (Finviz Daily Snapshot, schedule; created_at 2026-09-14T23:20:47Z, updated_at 2026-09-14T23:21:54Z; pushed commit in its 'main -> main' range per job log); push event 21262663017 at 2026-09-14T23:21:51Z",PROVEN
2026-09-15,data/universe/2026-09-14_membership.csv,c8a7b73212e45f00a23bc18b617367b567c974b4,2026-09-14T23:37:54Z,2026-09-14T23:38:01Z,"actions_run 34909601588 (Finviz Score Delta, schedule; created_at 2026-09-14T23:36:09Z, updated_at 2026-09-14T23:38:01Z; pushed commit in its 'main -> main' range per job log); push event 21157748414 at 2026-09-14T23:37:58Z",PROVEN
2026-09-16,data/composite/2026-09-15_composite_rank.csv,2e01c2cc5a0f25ba722be027196227c451c931a0,2026-09-15T23:33:30Z,2026-09-15T23:33:35Z,"actions_run 35036110005 (Composite Rank, schedule; created_at 2026-09-15T23:32:20Z, updated_at 2026-09-15T23:33:35Z; pushed commit in its 'main -> main' range per job log); push event 21244458568 at 2026-09-15T23:33:32Z",PROVEN
2026-09-16,data/features/2026-09-15_1d.csv,15182a4a9da7ef16e1cf1bb2167ed7b1ffe39de7,2026-09-15T23:21:40Z,2026-09-15T23:21:46Z,"actions_run 35035120768 (Finviz Score Delta, schedule; created_at 2026-09-15T23:19:16Z, updated_at 2026-09-15T23:21:46Z; pushed commit in its 'main -> main' range per job log); push event 21261651601 at 2026-09-15T23:21:44Z",PROVEN
2026-09-16,data/scores/2026-09-15_1d.csv,15182a4a9da7ef16e1cf1bb2167ed7b1ffe39de7,2026-09-15T23:21:40Z,2026-09-15T23:21:46Z,"actions_run 35035120768 (Finviz Score Delta, schedule; created_at 2026-09-15T23:19:16Z, updated_at 2026-09-15T23:21:46Z; pushed commit in its 'main -> main' range per job log); push event 21261651601 at 2026-09-15T23:21:44Z",PROVEN
2026-09-16,data/scores/2026-09-15_1m.csv,15182a4a9da7ef16e1cf1bb2167ed7b1ffe39de7,2026-09-15T23:21:40Z,2026-09-15T23:21:46Z,"actions_run 35035120768 (Finviz Score Delta, schedule; created_at 2026-09-15T23:19:16Z, updated_at 2026-09-15T23:21:46Z; pushed commit in its 'main -> main' range per job log); push event 21261651601 at 2026-09-15T23:21:44Z",PROVEN
2026-09-16,data/scores/2026-09-15_1w.csv,15182a4a9da7ef16e1cf1bb2167ed7b1ffe39de7,2026-09-15T23:21:40Z,2026-09-15T23:21:46Z,"actions_run 35035120768 (Finviz Score Delta, schedule; created_at 2026-09-15T23:19:16Z, updated_at 2026-09-15T23:21:46Z; pushed commit in its 'main -> main' range per job log); push event 21261651601 at 2026-09-15T23:21:44Z",PROVEN
2026-09-16,data/snapshots/2026-09-15.csv,7b6140343facf4bb891861fda235bb94003faa7b,2026-09-15T23:06:58Z,2026-09-15T23:07:05Z,"actions_run 35034104666 (Finviz Daily Snapshot, schedule; created_at 2026-09-15T23:05:51Z, updated_at 2026-09-15T23:07:05Z; pushed commit in its 'main -> main' range per job log); push event 21245403831 at 2026-09-15T23:07:02Z",PROVEN
2026-09-16,data/universe/2026-09-15_membership.csv,15182a4a9da7ef16e1cf1bb2167ed7b1ffe39de7,2026-09-15T23:21:40Z,2026-09-15T23:21:46Z,"actions_run 35035120768 (Finviz Score Delta, schedule; created_at 2026-09-15T23:19:16Z, updated_at 2026-09-15T23:21:46Z; pushed commit in its 'main -> main' range per job log); push event 21261651601 at 2026-09-15T23:21:44Z",PROVEN
2026-09-17,data/composite/2026-09-16_composite_rank.csv,d2e7817a3d4bb871a4ac252795bc5f6d12cbef96,2026-09-16T23:40:43Z,2026-09-16T23:40:47Z,"actions_run 35163277263 (Composite Rank, schedule; created_at 2026-09-16T23:39:48Z, updated_at 2026-09-16T23:40:47Z; pushed commit in its 'main -> main' range per job log); push event 21456408218 at 2026-09-16T23:40:45Z",PROVEN
2026-09-17,data/features/2026-09-16_1d.csv,b56b9ba80d70c0bd97d497e90fa12be558e1f7e0,2026-09-16T23:27:05Z,2026-09-16T23:27:12Z,"actions_run 35162179372 (Finviz Score Delta, schedule; created_at 2026-09-16T23:24:51Z, updated_at 2026-09-16T23:27:12Z; pushed commit in its 'main -> main' range per job log); push event 21474041177 at 2026-09-16T23:27:09Z",PROVEN
2026-09-17,data/scores/2026-09-16_1d.csv,b56b9ba80d70c0bd97d497e90fa12be558e1f7e0,2026-09-16T23:27:05Z,2026-09-16T23:27:12Z,"actions_run 35162179372 (Finviz Score Delta, schedule; created_at 2026-09-16T23:24:51Z, updated_at 2026-09-16T23:27:12Z; pushed commit in its 'main -> main' range per job log); push event 21474041177 at 2026-09-16T23:27:09Z",PROVEN
2026-09-17,data/scores/2026-09-16_1m.csv,b56b9ba80d70c0bd97d497e90fa12be558e1f7e0,2026-09-16T23:27:05Z,2026-09-16T23:27:12Z,"actions_run 35162179372 (Finviz Score Delta, schedule; created_at 2026-09-16T23:24:51Z, updated_at 2026-09-16T23:27:12Z; pushed commit in its 'main -> main' range per job log); push event 21474041177 at 2026-09-16T23:27:09Z",PROVEN
2026-09-17,data/scores/2026-09-16_1w.csv,b56b9ba80d70c0bd97d497e90fa12be558e1f7e0,2026-09-16T23:27:05Z,2026-09-16T23:27:12Z,"actions_run 35162179372 (Finviz Score Delta, schedule; created_at 2026-09-16T23:24:51Z, updated_at 2026-09-16T23:27:12Z; pushed commit in its 'main -> main' range per job log); push event 21474041177 at 2026-09-16T23:27:09Z",PROVEN
2026-09-17,data/snapshots/2026-09-16.csv,a5603aa8e05fcce93f78dd67b18784a0b4ec36ee,2026-09-16T23:12:37Z,2026-09-16T23:12:44Z,"actions_run 35161201682 (Finviz Daily Snapshot, schedule; created_at 2026-09-16T23:11:47Z, updated_at 2026-09-16T23:12:44Z; pushed commit in its 'main -> main' range per job log); push event 21343115123 at 2026-09-16T23:12:41Z",PROVEN
2026-09-17,data/universe/2026-09-16_membership.csv,b56b9ba80d70c0bd97d497e90fa12be558e1f7e0,2026-09-16T23:27:05Z,2026-09-16T23:27:12Z,"actions_run 35162179372 (Finviz Score Delta, schedule; created_at 2026-09-16T23:24:51Z, updated_at 2026-09-16T23:27:12Z; pushed commit in its 'main -> main' range per job log); push event 21474041177 at 2026-09-16T23:27:09Z",PROVEN
2026-09-18,data/composite/2026-09-17_composite_rank.csv,469ac4beb30690260149034cdb397719d2711c2a,2026-09-17T23:34:47Z,2026-09-17T23:34:51Z,"actions_run 35287392401 (Composite Rank, schedule; created_at 2026-09-17T23:33:46Z, updated_at 2026-09-17T23:34:51Z; pushed commit in its 'main -> main' range per job log); push event 21447912433 at 2026-09-17T23:34:49Z",PROVEN
2026-09-18,data/features/2026-09-17_1d.csv,96418a3f0560161a7e7312228b086bfbcaba60ca,2026-09-17T23:19:14Z,2026-09-17T23:19:22Z,"actions_run 35286074731 (Finviz Score Delta, schedule; created_at 2026-09-17T23:16:23Z, updated_at 2026-09-17T23:19:22Z; pushed commit in its 'main -> main' range per job log); push event 21445207485 at 2026-09-17T23:19:18Z",PROVEN
2026-09-18,data/scores/2026-09-17_1d.csv,96418a3f0560161a7e7312228b086bfbcaba60ca,2026-09-17T23:19:14Z,2026-09-17T23:19:22Z,"actions_run 35286074731 (Finviz Score Delta, schedule; created_at 2026-09-17T23:16:23Z, updated_at 2026-09-17T23:19:22Z; pushed commit in its 'main -> main' range per job log); push event 21445207485 at 2026-09-17T23:19:18Z",PROVEN
2026-09-18,data/scores/2026-09-17_1m.csv,96418a3f0560161a7e7312228b086bfbcaba60ca,2026-09-17T23:19:14Z,2026-09-17T23:19:22Z,"actions_run 35286074731 (Finviz Score Delta, schedule; created_at 2026-09-17T23:16:23Z, updated_at 2026-09-17T23:19:22Z; pushed commit in its 'main -> main' range per job log); push event 21445207485 at 2026-09-17T23:19:18Z",PROVEN
2026-09-18,data/scores/2026-09-17_1w.csv,96418a3f0560161a7e7312228b086bfbcaba60ca,2026-09-17T23:19:14Z,2026-09-17T23:19:22Z,"actions_run 35286074731 (Finviz Score Delta, schedule; created_at 2026-09-17T23:16:23Z, updated_at 2026-09-17T23:19:22Z; pushed commit in its 'main -> main' range per job log); push event 21445207485 at 2026-09-17T23:19:18Z",PROVEN
2026-09-18,data/snapshots/2026-09-17.csv,4f519ef43b9bf44072aa6ee34826c014686692df,2026-09-17T23:00:45Z,2026-09-17T23:00:51Z,"actions_run 35284737397 (Finviz Daily Snapshot, schedule; created_at 2026-09-17T22:59:47Z, updated_at 2026-09-17T23:00:51Z; pushed commit in its 'main -> main' range per job log); push event 21439316533 at 2026-09-17T23:00:49Z",PROVEN
2026-09-18,data/universe/2026-09-17_membership.csv,96418a3f0560161a7e7312228b086bfbcaba60ca,2026-09-17T23:19:14Z,2026-09-17T23:19:22Z,"actions_run 35286074731 (Finviz Score Delta, schedule; created_at 2026-09-17T23:16:23Z, updated_at 2026-09-17T23:19:22Z; pushed commit in its 'main -> main' range per job log); push event 21445207485 at 2026-09-17T23:19:18Z",PROVEN
2026-09-21,data/composite/2026-09-18_composite_rank.csv,942d094e599d885f6498475a8ba4afd68df12638,2026-09-18T23:21:36Z,2026-09-18T23:21:41Z,"actions_run 35405291032 (Composite Rank, schedule; created_at 2026-09-18T23:20:20Z, updated_at 2026-09-18T23:21:41Z; pushed commit in its 'main -> main' range per job log); push event 21544389034 at 2026-09-18T23:21:38Z",PROVEN
2026-09-21,data/features/2026-09-18_1d.csv,1e7c759fb7e92c2721d7438d2576c14fc1816ecd,2026-09-18T22:57:51Z,2026-09-18T22:57:58Z,"actions_run 35403584240 (Finviz Score Delta, schedule; created_at 2026-09-18T22:54:57Z, updated_at 2026-09-18T22:57:58Z; pushed commit in its 'main -> main' range per job log); push event 21543162214 at 2026-09-18T22:57:55Z",PROVEN
2026-09-21,data/scores/2026-09-18_1d.csv,1e7c759fb7e92c2721d7438d2576c14fc1816ecd,2026-09-18T22:57:51Z,2026-09-18T22:57:58Z,"actions_run 35403584240 (Finviz Score Delta, schedule; created_at 2026-09-18T22:54:57Z, updated_at 2026-09-18T22:57:58Z; pushed commit in its 'main -> main' range per job log); push event 21543162214 at 2026-09-18T22:57:55Z",PROVEN
2026-09-21,data/scores/2026-09-18_1m.csv,1e7c759fb7e92c2721d7438d2576c14fc1816ecd,2026-09-18T22:57:51Z,2026-09-18T22:57:58Z,"actions_run 35403584240 (Finviz Score Delta, schedule; created_at 2026-09-18T22:54:57Z, updated_at 2026-09-18T22:57:58Z; pushed commit in its 'main -> main' range per job log); push event 21543162214 at 2026-09-18T22:57:55Z",PROVEN
2026-09-21,data/scores/2026-09-18_1w.csv,1e7c759fb7e92c2721d7438d2576c14fc1816ecd,2026-09-18T22:57:51Z,2026-09-18T22:57:58Z,"actions_run 35403584240 (Finviz Score Delta, schedule; created_at 2026-09-18T22:54:57Z, updated_at 2026-09-18T22:57:58Z; pushed commit in its 'main -> main' range per job log); push event 21543162214 at 2026-09-18T22:57:55Z",PROVEN
2026-09-21,data/snapshots/2026-09-18.csv,afc389c69884e249990b6c908f245a19671e2e84,2026-09-18T22:46:50Z,2026-09-18T22:47:04Z,"actions_run 35402956742 (Finviz Daily Snapshot, schedule; created_at 2026-09-18T22:45:45Z, updated_at 2026-09-18T22:47:04Z; pushed commit in its 'main -> main' range per job log); push event 21542578703 at 2026-09-18T22:46:55Z",PROVEN
2026-09-21,data/universe/2026-09-18_membership.csv,1e7c759fb7e92c2721d7438d2576c14fc1816ecd,2026-09-18T22:57:51Z,2026-09-18T22:57:58Z,"actions_run 35403584240 (Finviz Score Delta, schedule; created_at 2026-09-18T22:54:57Z, updated_at 2026-09-18T22:57:58Z; pushed commit in its 'main -> main' range per job log); push event 21543162214 at 2026-09-18T22:57:55Z",PROVEN
2026-09-22,data/composite/2026-09-21_composite_rank.csv,6b28cf3448b9694303202b09a6e579bf1c32577e,2026-09-22T00:10:54Z,2026-09-22T00:10:59Z,"actions_run 35670759898 (Composite Rank, schedule; created_at 2026-09-22T00:09:35Z, updated_at 2026-09-22T00:10:59Z; pushed commit in its 'main -> main' range per job log); push event 21797872295 at 2026-09-22T00:10:56Z",PROVEN
2026-09-22,data/features/2026-09-21_1d.csv,39d41b7e88fa408dca35878408cb12844363724c,2026-09-21T23:46:53Z,2026-09-21T23:46:59Z,"actions_run 35668877800 (Finviz Score Delta, schedule; created_at 2026-09-21T23:43:52Z, updated_at 2026-09-21T23:46:59Z; pushed commit in its 'main -> main' range per job log); push event 21792230461 at 2026-09-21T23:46:58Z",PROVEN
2026-09-22,data/scores/2026-09-21_1d.csv,39d41b7e88fa408dca35878408cb12844363724c,2026-09-21T23:46:53Z,2026-09-21T23:46:59Z,"actions_run 35668877800 (Finviz Score Delta, schedule; created_at 2026-09-21T23:43:52Z, updated_at 2026-09-21T23:46:59Z; pushed commit in its 'main -> main' range per job log); push event 21792230461 at 2026-09-21T23:46:58Z",PROVEN
2026-09-22,data/scores/2026-09-21_1m.csv,39d41b7e88fa408dca35878408cb12844363724c,2026-09-21T23:46:53Z,2026-09-21T23:46:59Z,"actions_run 35668877800 (Finviz Score Delta, schedule; created_at 2026-09-21T23:43:52Z, updated_at 2026-09-21T23:46:59Z; pushed commit in its 'main -> main' range per job log); push event 21792230461 at 2026-09-21T23:46:58Z",PROVEN
2026-09-22,data/scores/2026-09-21_1w.csv,39d41b7e88fa408dca35878408cb12844363724c,2026-09-21T23:46:53Z,2026-09-21T23:46:59Z,"actions_run 35668877800 (Finviz Score Delta, schedule; created_at 2026-09-21T23:43:52Z, updated_at 2026-09-21T23:46:59Z; pushed commit in its 'main -> main' range per job log); push event 21792230461 at 2026-09-21T23:46:58Z",PROVEN
2026-09-22,data/snapshots/2026-09-21.csv,d7e7ef46133e5824f9480278d315795c1fd8ec42,2026-09-21T23:30:50Z,2026-09-21T23:30:57Z,"actions_run 35667804569 (Finviz Daily Snapshot, schedule; created_at 2026-09-21T23:29:38Z, updated_at 2026-09-21T23:30:57Z; pushed commit in its 'main -> main' range per job log); push event 21795909667 at 2026-09-21T23:30:54Z",PROVEN
2026-09-22,data/universe/2026-09-21_membership.csv,39d41b7e88fa408dca35878408cb12844363724c,2026-09-21T23:46:53Z,2026-09-21T23:46:59Z,"actions_run 35668877800 (Finviz Score Delta, schedule; created_at 2026-09-21T23:43:52Z, updated_at 2026-09-21T23:46:59Z; pushed commit in its 'main -> main' range per job log); push event 21792230461 at 2026-09-21T23:46:58Z",PROVEN
2026-09-23,data/composite/2026-09-22_composite_rank.csv,65bfa809c7d2369a54c027ceb801eccf7de78958,2026-09-22T23:38:01Z,2026-09-22T23:38:05Z,"actions_run 35798242327 (Composite Rank, schedule; created_at 2026-09-22T23:36:42Z, updated_at 2026-09-22T23:38:05Z; pushed commit in its 'main -> main' range per job log); push event 21887206282 at 2026-09-22T23:38:03Z",PROVEN
2026-09-23,data/features/2026-09-22_1d.csv,c0813e58d2e52c147faab7453d4e7eaee4a87f05,2026-09-22T23:26:08Z,2026-09-22T23:26:15Z,"actions_run 35797121468 (Finviz Score Delta, schedule; created_at 2026-09-22T23:22:46Z, updated_at 2026-09-22T23:26:15Z; pushed commit in its 'main -> main' range per job log); push event 21886286743 at 2026-09-22T23:26:12Z",PROVEN
2026-09-23,data/scores/2026-09-22_1d.csv,c0813e58d2e52c147faab7453d4e7eaee4a87f05,2026-09-22T23:26:08Z,2026-09-22T23:26:15Z,"actions_run 35797121468 (Finviz Score Delta, schedule; created_at 2026-09-22T23:22:46Z, updated_at 2026-09-22T23:26:15Z; pushed commit in its 'main -> main' range per job log); push event 21886286743 at 2026-09-22T23:26:12Z",PROVEN
2026-09-23,data/scores/2026-09-22_1m.csv,c0813e58d2e52c147faab7453d4e7eaee4a87f05,2026-09-22T23:26:08Z,2026-09-22T23:26:15Z,"actions_run 35797121468 (Finviz Score Delta, schedule; created_at 2026-09-22T23:22:46Z, updated_at 2026-09-22T23:26:15Z; pushed commit in its 'main -> main' range per job log); push event 21886286743 at 2026-09-22T23:26:12Z",PROVEN
2026-09-23,data/scores/2026-09-22_1w.csv,c0813e58d2e52c147faab7453d4e7eaee4a87f05,2026-09-22T23:26:08Z,2026-09-22T23:26:15Z,"actions_run 35797121468 (Finviz Score Delta, schedule; created_at 2026-09-22T23:22:46Z, updated_at 2026-09-22T23:26:15Z; pushed commit in its 'main -> main' range per job log); push event 21886286743 at 2026-09-22T23:26:12Z",PROVEN
2026-09-23,data/snapshots/2026-09-22.csv,1fecac14f8bfcd52df7e5d06c06eb2e45423e6d2,2026-09-22T23:12:57Z,2026-09-22T23:13:03Z,"actions_run 35796216750 (Finviz Daily Snapshot, schedule; created_at 2026-09-22T23:11:38Z, updated_at 2026-09-22T23:13:03Z; pushed commit in its 'main -> main' range per job log); push event 21889007948 at 2026-09-22T23:13:00Z",PROVEN
2026-09-23,data/universe/2026-09-22_membership.csv,c0813e58d2e52c147faab7453d4e7eaee4a87f05,2026-09-22T23:26:08Z,2026-09-22T23:26:15Z,"actions_run 35797121468 (Finviz Score Delta, schedule; created_at 2026-09-22T23:22:46Z, updated_at 2026-09-22T23:26:15Z; pushed commit in its 'main -> main' range per job log); push event 21886286743 at 2026-09-22T23:26:12Z",PROVEN
2026-09-24,data/composite/2026-09-23_composite_rank.csv,2b725a33af2d3420196109b1421e9939650dbb8d,2026-09-23T23:46:33Z,2026-09-23T23:46:38Z,"actions_run 35935131107 (Composite Rank, schedule; created_at 2026-09-23T23:45:06Z, updated_at 2026-09-23T23:46:38Z; pushed commit in its 'main -> main' range per job log); push event 21997919388 at 2026-09-23T23:46:36Z",PROVEN
2026-09-24,data/features/2026-09-23_1d.csv,6d4a7bba48a5e172d114dba4b9157e153c87bdf5,2026-09-23T23:24:10Z,2026-09-23T23:24:17Z,"actions_run 35933131873 (Finviz Score Delta, schedule; created_at 2026-09-23T23:20:52Z, updated_at 2026-09-23T23:24:17Z; pushed commit in its 'main -> main' range per job log); push event 21991607514 at 2026-09-23T23:24:15Z",PROVEN
2026-09-24,data/scores/2026-09-23_1d.csv,6d4a7bba48a5e172d114dba4b9157e153c87bdf5,2026-09-23T23:24:10Z,2026-09-23T23:24:17Z,"actions_run 35933131873 (Finviz Score Delta, schedule; created_at 2026-09-23T23:20:52Z, updated_at 2026-09-23T23:24:17Z; pushed commit in its 'main -> main' range per job log); push event 21991607514 at 2026-09-23T23:24:15Z",PROVEN
2026-09-24,data/scores/2026-09-23_1m.csv,6d4a7bba48a5e172d114dba4b9157e153c87bdf5,2026-09-23T23:24:10Z,2026-09-23T23:24:17Z,"actions_run 35933131873 (Finviz Score Delta, schedule; created_at 2026-09-23T23:20:52Z, updated_at 2026-09-23T23:24:17Z; pushed commit in its 'main -> main' range per job log); push event 21991607514 at 2026-09-23T23:24:15Z",PROVEN
2026-09-24,data/scores/2026-09-23_1w.csv,6d4a7bba48a5e172d114dba4b9157e153c87bdf5,2026-09-23T23:24:10Z,2026-09-23T23:24:17Z,"actions_run 35933131873 (Finviz Score Delta, schedule; created_at 2026-09-23T23:20:52Z, updated_at 2026-09-23T23:24:17Z; pushed commit in its 'main -> main' range per job log); push event 21991607514 at 2026-09-23T23:24:15Z",PROVEN
2026-09-24,data/snapshots/2026-09-23.csv,59a0d63d0cb2b5e76125c7a7c18d3071ecf47681,2026-09-23T23:05:44Z,2026-09-23T23:05:51Z,"actions_run 35931698291 (Finviz Daily Snapshot, schedule; created_at 2026-09-23T23:04:15Z, updated_at 2026-09-23T23:05:51Z; pushed commit in its 'main -> main' range per job log); push event 21989629888 at 2026-09-23T23:05:48Z",PROVEN
2026-09-24,data/universe/2026-09-23_membership.csv,6d4a7bba48a5e172d114dba4b9157e153c87bdf5,2026-09-23T23:24:10Z,2026-09-23T23:24:17Z,"actions_run 35933131873 (Finviz Score Delta, schedule; created_at 2026-09-23T23:20:52Z, updated_at 2026-09-23T23:24:17Z; pushed commit in its 'main -> main' range per job log); push event 21991607514 at 2026-09-23T23:24:15Z",PROVEN
2026-09-25,data/composite/2026-09-24_composite_rank.csv,f3e81258a4f63a6957302493cd2eb7c0f1b26102,2026-09-24T23:55:05Z,2026-09-24T23:55:10Z,"actions_run 36074960305 (Composite Rank, schedule; created_at 2026-09-24T23:53:31Z, updated_at 2026-09-24T23:55:10Z; pushed commit in its 'main -> main' range per job log); push event 22090512157 at 2026-09-24T23:55:07Z",PROVEN
2026-09-25,data/features/2026-09-24_1d.csv,603d39fd2c2a9d67f01b283e584fe57638ddc9dd,2026-09-24T23:44:37Z,2026-09-24T23:44:45Z,"actions_run 36073951714 (Finviz Score Delta, schedule; created_at 2026-09-24T23:41:04Z, updated_at 2026-09-24T23:44:45Z; pushed commit in its 'main -> main' range per job log); push event 22105083007 at 2026-09-24T23:44:41Z",PROVEN
2026-09-25,data/scores/2026-09-24_1d.csv,603d39fd2c2a9d67f01b283e584fe57638ddc9dd,2026-09-24T23:44:37Z,2026-09-24T23:44:45Z,"actions_run 36073951714 (Finviz Score Delta, schedule; created_at 2026-09-24T23:41:04Z, updated_at 2026-09-24T23:44:45Z; pushed commit in its 'main -> main' range per job log); push event 22105083007 at 2026-09-24T23:44:41Z",PROVEN
2026-09-25,data/scores/2026-09-24_1m.csv,603d39fd2c2a9d67f01b283e584fe57638ddc9dd,2026-09-24T23:44:37Z,2026-09-24T23:44:45Z,"actions_run 36073951714 (Finviz Score Delta, schedule; created_at 2026-09-24T23:41:04Z, updated_at 2026-09-24T23:44:45Z; pushed commit in its 'main -> main' range per job log); push event 22105083007 at 2026-09-24T23:44:41Z",PROVEN
2026-09-25,data/scores/2026-09-24_1w.csv,603d39fd2c2a9d67f01b283e584fe57638ddc9dd,2026-09-24T23:44:37Z,2026-09-24T23:44:45Z,"actions_run 36073951714 (Finviz Score Delta, schedule; created_at 2026-09-24T23:41:04Z, updated_at 2026-09-24T23:44:45Z; pushed commit in its 'main -> main' range per job log); push event 22105083007 at 2026-09-24T23:44:41Z",PROVEN
2026-09-25,data/snapshots/2026-09-24.csv,0598886bf6c3f3e470fea9e59ea3b2a056e9a003,2026-09-24T23:22:07Z,2026-09-24T23:22:14Z,"actions_run 36072220057 (Finviz Daily Snapshot, schedule; created_at 2026-09-24T23:20:26Z, updated_at 2026-09-24T23:22:14Z; pushed commit in its 'main -> main' range per job log); push event 22106695341 at 2026-09-24T23:22:12Z",PROVEN
2026-09-25,data/universe/2026-09-24_membership.csv,603d39fd2c2a9d67f01b283e584fe57638ddc9dd,2026-09-24T23:44:37Z,2026-09-24T23:44:45Z,"actions_run 36073951714 (Finviz Score Delta, schedule; created_at 2026-09-24T23:41:04Z, updated_at 2026-09-24T23:44:45Z; pushed commit in its 'main -> main' range per job log); push event 22105083007 at 2026-09-24T23:44:41Z",PROVEN
2026-09-28,data/composite/2026-09-25_composite_rank.csv,49c7a9c43973ccc538763ad49e21c574bbc92008,2026-09-25T20:51:50Z,2026-09-25T20:52:01Z,"actions_run 36188094956 (Composite Rank, workflow_dispatch; created_at 2026-09-25T20:49:56Z, updated_at 2026-09-25T20:52:01Z; pushed commit in its 'main -> main' range per job log); push event 22176234857 at 2026-09-25T20:51:58Z",PROVEN
2026-09-28,data/features/2026-09-25_1d.csv,df08546fc49d6286d844010903050b440d4f1f1f,2026-09-25T20:49:30Z,2026-09-25T20:49:48Z,"actions_run 36187670590 (Finviz Score Delta, workflow_dispatch; created_at 2026-09-25T20:45:32Z, updated_at 2026-09-25T20:49:48Z; pushed commit in its 'main -> main' range per job log); push event 22176083348 at 2026-09-25T20:49:43Z",PROVEN
2026-09-28,data/scores/2026-09-25_1d.csv,df08546fc49d6286d844010903050b440d4f1f1f,2026-09-25T20:49:30Z,2026-09-25T20:49:48Z,"actions_run 36187670590 (Finviz Score Delta, workflow_dispatch; created_at 2026-09-25T20:45:32Z, updated_at 2026-09-25T20:49:48Z; pushed commit in its 'main -> main' range per job log); push event 22176083348 at 2026-09-25T20:49:43Z",PROVEN
2026-09-28,data/scores/2026-09-25_1m.csv,df08546fc49d6286d844010903050b440d4f1f1f,2026-09-25T20:49:30Z,2026-09-25T20:49:48Z,"actions_run 36187670590 (Finviz Score Delta, workflow_dispatch; created_at 2026-09-25T20:45:32Z, updated_at 2026-09-25T20:49:48Z; pushed commit in its 'main -> main' range per job log); push event 22176083348 at 2026-09-25T20:49:43Z",PROVEN
2026-09-28,data/scores/2026-09-25_1w.csv,df08546fc49d6286d844010903050b440d4f1f1f,2026-09-25T20:49:30Z,2026-09-25T20:49:48Z,"actions_run 36187670590 (Finviz Score Delta, workflow_dispatch; created_at 2026-09-25T20:45:32Z, updated_at 2026-09-25T20:49:48Z; pushed commit in its 'main -> main' range per job log); push event 22176083348 at 2026-09-25T20:49:43Z",PROVEN
2026-09-28,data/snapshots/2026-09-25.csv,c420fb2abd57db441bac1c687ab9c9da599d480f,2026-09-25T20:45:01Z,2026-09-25T20:45:08Z,"actions_run 36187437404 (Finviz Daily Snapshot, workflow_dispatch; created_at 2026-09-25T20:43:13Z, updated_at 2026-09-25T20:45:08Z; pushed commit in its 'main -> main' range per job log); push event 22175777630 at 2026-09-25T20:45:06Z",PROVEN
2026-09-28,data/universe/2026-09-25_membership.csv,df08546fc49d6286d844010903050b440d4f1f1f,2026-09-25T20:49:30Z,2026-09-25T20:49:48Z,"actions_run 36187670590 (Finviz Score Delta, workflow_dispatch; created_at 2026-09-25T20:45:32Z, updated_at 2026-09-25T20:49:48Z; pushed commit in its 'main -> main' range per job log); push event 22176083348 at 2026-09-25T20:49:43Z",PROVEN
