date,ticker,FQ,ER,EP,AH,FR,DF_lag1
2026-10-07,AXON,0,0,0.0033477728063120845,0,1,Bullish Spinning Top
2026-10-07,BKH,0,0,0.003298859666502043,0,1,Bullish Doji
2026-10-07,GCDT,0,-1,0.22291604413837787,4,1,Bearish Belt Hold
2026-10-07,GLXY,0,-1,0.03584913921615843,0,1,
2026-10-07,NOK,1,1,0.04797867907004681,0,1,Bullish Big White Candle
2026-10-07,ONDS,0,0,0.013173466098481083,1,1,Bearish Shooting Star
2026-10-07,PLD,0,0,0.003845799657050295,0,1,Bullish Spinning Top
2026-10-07,PWCM,1,0,0.096138106758722,1,0,
2026-10-07,RDW,0,0,0.02122870705372537,1,1,Bullish Inverted Hammer
2026-10-07,SPWR,0,-1,0.04806100313257454,1,1,
2026-10-07,TER,0,-1,0.02217487664871435,0,1,Bearish Big Black Candle
2026-10-07,TPC,0,0,0.015424411447450572,0,0,
2026-10-07,UIS,0,0,0.014709837893759587,0,0,Bearish Closing Marubozu
