segment_id,family,value,n,pct_universe,median_perf_week,median_perf_month,pct_above_50dma,median_rsi,median_beta,median_short_float,pct_profitable,median_dollar_adv,median_score,pct_score_pos,median_true_ret_1d
beta:low,beta,low,4873,41.84,-0.01,0.08,52.88323414734249,50.21,0.41,2.68,24.58444490047199,1747543.9999999998,-0.75,26.739175046172786,-0.0003901677721419
beta:mid,beta,mid,2857,24.53,-0.02,0.07,60.06300315015751,51.52,1.0,4.26,33.111655582779136,5011282.9,-0.37,39.34196709835492,0.0
beta:high,beta,high,2122,18.22,0.17,-0.47,44.81621112158341,48.83,1.82,5.945,27.191328934967014,5890108.35,0.13,51.60226201696513,0.003680981595092
ext:neutral,ext,neutral,10742,92.24,0.04,0.2,56.386147830943955,51.055,0.8,3.82,24.58573822379445,2155902.5999999996,-0.62,35.1517408303854,0.0
ext:washed,ext,washed,683,5.86,-4.24,-28.95,0.14641288433382138,29.14,0.75,3.9,12.445095168374817,1198060.2,-1.37,26.061493411420205,-0.0004037142361668
ext:extreme,ext,extreme,116,1.0,13.14,78.66499999999999,99.13793103448276,68.07499999999999,1.275,4.63,7.758620689655173,5123094.949999999,-1.89,22.413793103448278,0.00260296033699695
ext:extended,ext,extended,94,0.81,1.04,3.54,98.93617021276596,77.08,0.565,1.86,22.340425531914892,885408.2999999999,-1.87,14.893617021276595,0.0018529013510222999
geo:US,geo,US,10323,88.64,0.0,0.08,54.60621912234815,50.66,0.8,4.455,20.99195970163712,1954185.6,-0.62,33.53676256902063,0.0
geo:ADR-China,geo,ADR-China,241,2.07,-2.75,-4.68,31.535269709543567,44.16,0.75,1.37,31.950207468879665,999376.7,-0.89,34.439834024896264,0.0
geo:ADR-Canada,geo,ADR-Canada,218,1.87,-0.25,4.4,64.6788990825688,52.61,0.935,3.0,45.412844036697244,8996366.399999999,-0.75,38.99082568807339,-0.0058811176717641495
geo:ADR-Israel,geo,ADR-Israel,109,0.94,-1.21,-4.3,29.357798165137616,45.97,1.14,2.445,32.11009174311927,1730200.3,-0.1,49.54128440366973,0.0
geo:ADR-Hong Kong,geo,ADR-Hong Kong,90,0.77,-0.385,-0.95,36.666666666666664,46.315,0.915,1.15,23.333333333333332,687441.45,-0.62,42.22222222222222,0.0
geo:ADR-United Kingdom,geo,ADR-United Kingdom,88,0.76,-0.295,-0.205,50.0,49.155,0.8300000000000001,3.395,47.72727272727273,18093913.050000004,-0.345,48.86363636363637,-0.0005751847458572499
geo:ADR-Singapore,geo,ADR-Singapore,87,0.75,-0.79,-0.43,43.67816091954023,47.69,0.725,0.855,24.137931034482758,334214.8,-1.0,36.7816091954023,0.0
geo:ADR-Brazil,geo,ADR-Brazil,36,0.31,5.65,2.3,66.66666666666666,57.29,0.62,1.045,75.0,17042580.099999998,0.24,55.55555555555556,-0.0120488873515508
geo:ADR-Bermuda,geo,ADR-Bermuda,35,0.3,0.86,2.13,62.857142857142854,54.38,0.59,5.04,80.0,27608684.4,-0.64,40.0,0.0026875438186493
geo:ADR-Switzerland,geo,ADR-Switzerland,29,0.25,0.13,1.38,55.172413793103445,48.0,1.165,3.545,44.827586206896555,34647914.4,-0.64,41.37931034482759,-0.0106382978723404
geo:ADR-Ireland,geo,ADR-Ireland,27,0.23,-0.23,-3.83,44.44444444444444,48.0,0.93,2.91,66.66666666666666,136283143.5,0.55,62.96296296296296,0.0077637853038268
geo:ADR-Japan,geo,ADR-Japan,27,0.23,-1.17,0.585,48.148148148148145,49.445,0.685,0.19,62.96296296296296,3166253.8000000003,-1.15,18.51851851851852,-0.0070921985815602
geo:ADR-Australia,geo,ADR-Australia,26,0.22,-0.345,1.08,38.46153846153847,47.085,1.69,1.23,23.076923076923077,1043356.85,-0.375,34.61538461538461,0.004890960809102399
geo:ADR-Greece,geo,ADR-Greece,25,0.21,4.22,11.76,80.0,64.64,0.78,2.2,80.0,1636091.2,-1.14,32.0,0.000868809730669
geo:ADR-Taiwan,geo,ADR-Taiwan,23,0.2,0.29,0.76,34.78260869565217,49.54,1.04,0.58,43.47826086956522,1391427.7,0.35,56.52173913043478,0.0021373230029386
geo:ADR-Cayman Islands,geo,ADR-Cayman Islands,22,0.19,0.1,0.29,45.45454545454545,48.135,0.44,1.6,27.27272727272727,514922.69999999995,-0.5,22.727272727272727,0.0
geo:ADR-Netherlands,geo,ADR-Netherlands,19,0.16,-1.16,0.62,52.63157894736842,47.01,0.6799999999999999,2.985,63.1578947368421,79297843.7,-0.37,31.57894736842105,-0.0080249665626392
geo:ADR-Mexico,geo,ADR-Mexico,18,0.15,0.26,-1.92,44.44444444444444,46.7,0.61,0.5349999999999999,66.66666666666666,6152092.0,-0.6950000000000001,38.88888888888889,0.0004798464491362
geo:ADR-France,geo,ADR-France,17,0.15,0.0,1.8,52.94117647058824,48.07,0.76,0.52,29.411764705882355,435726.8,-0.37,29.411764705882355,-0.0047961630695442
geo:ADR-Malaysia,geo,ADR-Malaysia,16,0.14,-2.755,-8.33,18.75,44.275000000000006,0.855,0.91,12.5,968687.25,-1.995,18.75,-0.011657090020474149
geo:ADR-Germany,geo,ADR-Germany,15,0.13,-0.17,-4.1,46.666666666666664,47.95,1.175,0.85,40.0,2495724.0,-1.1,46.666666666666664,-0.0044843049327353
geo:ADR-Luxembourg,geo,ADR-Luxembourg,15,0.13,1.93,1.54,66.66666666666666,52.49,0.69,2.93,73.33333333333333,10220479.5,-0.75,40.0,-0.00352733686067
geo:ADR-Argentina,geo,ADR-Argentina,14,0.12,4.975,0.35000000000000003,35.714285714285715,52.625,1.075,0.86,85.71428571428571,5203094.049999999,2.15,78.57142857142857,0.004316464528463499
geo:ADR-South Korea,geo,ADR-South Korea,14,0.12,1.4549999999999998,6.605,85.71428571428571,61.25,1.0350000000000001,0.27,71.42857142857143,12592044.5,-0.675,42.857142857142854,-0.00350857286938975
geo:ADR-United Arab Emirates,geo,ADR-United Arab Emirates,11,0.09,-0.54,1.86,63.63636363636363,51.0,1.09,0.8,45.45454545454545,1715185.2000000002,-1.87,18.181818181818183,-0.0253807106598985
geo:ADR-Chile,geo,ADR-Chile,9,0.08,1.51,-0.33499999999999996,77.77777777777779,50.89,0.565,0.17,88.88888888888889,2646949.0000000005,-0.5,33.33333333333333,-0.005298382598996
geo:ADR-India,geo,ADR-India,9,0.08,-0.55,-2.48,44.44444444444444,45.45,0.85,0.75,77.77777777777779,32073615.0,-1.07,22.22222222222222,-0.0049875311720697
geo:ADR-Sweden,geo,ADR-Sweden,9,0.08,1.51,-0.59,55.55555555555556,51.3,1.495,2.425,44.44444444444444,1478297.1,0.23,55.55555555555556,0.0034632034632033
geo:ADR-Belgium,geo,ADR-Belgium,8,0.07,3.42,13.705,62.5,57.224999999999994,0.69,2.16,62.5,4269109.85,1.665,62.5,0.02224563868399485
geo:ADR-Italy,geo,ADR-Italy,8,0.07,-3.99,-10.184999999999999,50.0,45.345,0.78,2.94,50.0,11703439.6,-1.22,37.5,-0.0042875946288163
geo:ADR-Denmark,geo,ADR-Denmark,6,0.05,1.6400000000000001,6.2299999999999995,66.66666666666666,53.24,0.72,1.05,66.66666666666666,37195663.5,-1.7800000000000002,33.33333333333333,-0.0081501907469109
geo:ADR-South Africa,geo,ADR-South Africa,6,0.05,1.665,19.62,83.33333333333334,57.894999999999996,0.57,0.835,83.33333333333334,43690428.45,-2.22,0.0,-0.02156292971215305
geo:ADR-Cyprus,geo,ADR-Cyprus,5,0.04,2.01,13.64,60.0,57.2,1.48,1.06,100.0,207781.2,0.13,60.0,0.0154117129018052
geo:ADR-Spain,geo,ADR-Spain,5,0.04,1.77,-0.38,60.0,54.23,0.74,1.04,80.0,4834517.999999999,0.25,60.0,-0.0043859649122807
geo:ADR-Colombia,geo,ADR-Colombia,4,0.03,3.99,7.975,100.0,58.19,0.605,0.435,100.0,20123122.6,-2.705,25.0,-0.00539351279294825
geo:ADR-Monaco,geo,ADR-Monaco,4,0.03,6.585,13.69,100.0,67.01,0.84,3.87,75.0,7084991.800000001,0.28,75.0,0.0228597997398415
geo:ADR-Peru,geo,ADR-Peru,4,0.03,1.88,0.78,50.0,51.349999999999994,0.73,1.3050000000000002,100.0,27165135.9,-0.785,0.0,-0.007045804206796799
geo:ADR-Indonesia,geo,ADR-Indonesia,3,0.03,1.85,-0.87,66.66666666666666,52.62,-0.74,4.44,33.33333333333333,1596996.0,1.13,66.66666666666666,0.0027008777852801
geo:ADR-Turkey,geo,ADR-Turkey,3,0.03,-5.56,-6.76,33.33333333333333,46.45,0.89,0.24,33.33333333333333,555920.7,-2.09,0.0,-0.0037313432835821
geo:ADR-Uruguay,geo,ADR-Uruguay,3,0.03,2.13,5.08,100.0,58.41,0.85,2.36,100.0,40314286.400000006,0.25,66.66666666666666,-0.0096969696969697
geo:ADR-Bahamas,geo,ADR-Bahamas,2,0.02,0.71,-0.6450000000000005,0.0,41.28,1.86,3.585,50.0,10566175.2,2.0749999999999997,50.0,0.01200963383271425
geo:ADR-Finland,geo,ADR-Finland,2,0.02,-3.33,-5.93,0.0,41.260000000000005,1.5899999999999999,3.215,100.0,531314914.1,2.295,100.0,0.0311944990839825
geo:ADR-Kazakhstan,geo,ADR-Kazakhstan,2,0.02,-2.365,14.355,100.0,60.285,0.7649999999999999,2.91,100.0,38925808.15,-1.0550000000000002,0.0,0.0020665684536023497
geo:ADR-Norway,geo,ADR-Norway,2,0.02,-1.2950000000000002,1.2850000000000001,50.0,50.285,0.68,0.78,100.0,76039156.95,0.5,50.0,0.0025383575728176004
geo:ADR-Panama,geo,ADR-Panama,2,0.02,2.0949999999999998,-5.29,0.0,48.760000000000005,0.915,3.1799999999999997,100.0,24874195.5,2.9850000000000003,100.0,0.00941386730032645
geo:ADR-Philippines,geo,ADR-Philippines,2,0.02,0.14,-7.625,0.0,41.795,0.66,0.32499999999999996,100.0,2149382.25,-1.575,0.0,-0.0172691021353228
geo:ADR-Jordan,geo,ADR-Jordan,1,0.01,1.65,0.15,0.0,52.5,0.05,2.29,100.0,2513097.6,0.55,100.0,0.0100859170713485
geo:ADR-Thailand,geo,ADR-Thailand,1,0.01,-9.89,-33.31,0.0,26.7,-0.04,0.9,100.0,571482.0,-0.1,0.0,-0.0338983050847457
geo:ADR-Vietnam,geo,ADR-Vietnam,1,0.01,0.0,-6.1,0.0,46.4,0.92,5.39,0.0,1307798.8,-1.39,0.0,0.0
index:none,index,none,9183,78.85,0.0,0.135,54.992921703147125,50.705,0.74,1.86,12.501361210933245,977706.4500000001,-0.62,30.164434280736142,-0.0001620351616301
index:rut,index,rut,1945,16.7,0.44,-0.46,49.97429305912596,50.01,1.0,7.75,57.789203084832906,15056200.899999999,0.25,52.80205655526993,0.0045067601402102
index:sp500,index,sp500,503,4.32,-0.66,-1.3,46.91848906560636,47.82,0.94,2.99,94.23459244532803,398771060.6,-0.75,37.57455268389662,-0.0056322473771396
index:ndx,index,ndx,102,0.88,-0.895,-0.7749999999999999,43.13725490196079,47.885000000000005,1.2,2.795,89.2156862745098,978909097.9000001,-1.01,38.23529411764706,-0.00282566566210875
index:djia,index,djia,30,0.26,-0.22499999999999998,-1.025,46.666666666666664,50.125,0.98,1.42,100.0,1941854673.25,-0.91,36.666666666666664,-0.009510594390003249
industry:Exchange Traded Fund,industry,Exchange Traded Fund,5682,48.79,0.04,0.2,60.084477296726504,51.92,0.69,,0.0,737968.8,-0.62,25.55438225976769,-0.000369003690037
industry:Biotechnology,industry,Biotechnology,599,5.14,0.63,2.28,52.25375626043406,50.49,0.985,7.82,8.848080133555927,3036887.4000000004,-0.32,46.744574290484145,0.0
industry:Shell Companies,industry,Shell Companies,336,2.89,0.05,0.4,80.35714285714286,58.66,0.03,0.01,0.0,528609.2,-0.75,8.333333333333332,0.0
industry:Banks - Regional,industry,Banks - Regional,324,2.78,1.77,-0.395,64.81481481481481,54.894999999999996,0.655,3.215,93.51851851851852,7791770.9,0.43,61.72839506172839,0.006276695285186901
industry:Software - Application,industry,Software - Application,228,1.96,-2.55,0.885,53.50877192982456,49.42,1.04,5.615,45.614035087719294,8490257.2,-0.73,37.719298245614034,-0.0107804033122933
industry:Closed-End Fund - Debt,industry,Closed-End Fund - Debt,195,1.67,-1.03,-1.56,10.76923076923077,39.36,0.615,0.2,1.0256410256410255,1092180.8,-1.37,12.307692307692308,-0.0010368066355624
industry:Software - Infrastructure,industry,Software - Infrastructure,176,1.51,-1.6099999999999999,0.84,50.56818181818182,49.254999999999995,1.17,6.09,44.88636363636363,11620067.850000001,0.13,50.56818181818182,-0.0050597456814841495
industry:Asset Management,industry,Asset Management,146,1.25,-0.62,0.91,62.328767123287676,52.055,0.74,2.95,61.64383561643836,4422583.949999999,-0.97,29.45205479452055,-0.0006851473113327999
industry:Medical Devices,industry,Medical Devices,141,1.21,-1.5,-1.43,43.262411347517734,46.81,1.05,4.93,24.822695035460992,3412237.5,-0.32,43.262411347517734,0.0009960159362552
industry:Closed-End Fund - Equity,industry,Closed-End Fund - Equity,110,0.94,-0.515,-0.12,51.81818181818182,49.14,0.87,0.11499999999999999,0.0,1720595.0,-0.62,26.36363636363636,-0.0022636476349108
industry:Capital Markets,industry,Capital Markets,99,0.85,2.385,6.025,65.65656565656566,53.945,1.44,4.05,40.4040404040404,10011555.35,-0.32,47.474747474747474,-0.0034445970107971
industry:Aerospace & Defense,industry,Aerospace & Defense,93,0.8,-2.9299999999999997,-10.05,17.20430107526882,40.8,1.04,5.675,49.46236559139785,46099310.8,-0.52,39.784946236559136,0.0040300192859320004
industry:Drug Manufacturers - Specialty & Generic,industry,Drug Manufacturers - Specialty & Generic,85,0.73,-0.57,1.35,52.94117647058824,49.56,0.88,5.06,28.235294117647058,5250042.0,-1.12,36.470588235294116,-0.0039539899352982
industry:Specialty Industrial Machinery,industry,Specialty Industrial Machinery,79,0.68,-0.6950000000000001,-7.295,30.37974683544304,43.86,1.13,3.38,64.55696202531645,32189807.700000003,-0.25,48.10126582278481,0.0047461368653423
industry:Oil & Gas E&P,industry,Oil & Gas E&P,77,0.66,1.95,11.19,84.4155844155844,58.1,0.43,4.37,63.63636363636363,9111328.8,-1.52,20.77922077922078,-0.0095445411922303
industry:Information Technology Services,industry,Information Technology Services,75,0.64,-0.73,-0.69,53.333333333333336,51.04,0.97,6.484999999999999,53.333333333333336,21995684.200000003,-0.5,46.666666666666664,0.0
industry:Internet Content & Information,industry,Internet Content & Information,70,0.6,-2.5949999999999998,-4.215,32.857142857142854,47.144999999999996,1.2,6.029999999999999,47.14285714285714,5148752.0,-0.235,47.14285714285714,-0.0051993067590986
industry:Semiconductors,industry,Semiconductors,70,0.6,1.56,-4.109999999999999,21.428571428571427,44.93,1.8,5.32,54.285714285714285,131640461.1,0.5,58.57142857142858,0.01900485247851665
industry:Packaged Foods,industry,Packaged Foods,60,0.52,-3.055,-4.195,30.0,43.33,0.515,5.529999999999999,51.66666666666667,8378606.550000001,-1.12,28.333333333333332,-0.00310242343003275
industry:Specialty Chemicals,industry,Specialty Chemicals,60,0.52,-1.88,-3.3,46.666666666666664,46.86,1.03,3.79,55.00000000000001,19372005.950000003,-0.485,36.666666666666664,0.0
industry:Oil & Gas Midstream,industry,Oil & Gas Midstream,58,0.5,1.2999999999999998,7.800000000000001,81.03448275862068,57.67,0.525,3.0949999999999998,86.20689655172413,27810725.5,-0.975,27.586206896551722,0.0040730006561927
industry:Telecom Services,industry,Telecom Services,57,0.49,0.28,-1.08,52.63157894736842,51.75,0.655,3.6550000000000002,50.877192982456144,11927523.0,-1.2,21.052631578947366,0.0
industry:Auto Parts,industry,Auto Parts,55,0.47,3.8,0.74,45.45454545454545,48.9,1.18,5.24,58.18181818181818,16565714.0,2.02,81.81818181818183,0.0190808922332705
industry:Other Industrial Metals & Mining,industry,Other Industrial Metals & Mining,55,0.47,-2.17,4.17,60.0,49.115,1.205,3.49,16.363636363636363,4317086.4,0.62,63.63636363636363,0.0
industry:Electrical Equipment & Parts,industry,Electrical Equipment & Parts,54,0.46,-0.165,-6.84,24.074074074074073,44.775,1.26,4.59,35.18518518518518,4273785.8,1.385,64.81481481481481,0.01544075503561885
industry:Gold,industry,Gold,53,0.46,-0.455,16.84,92.45283018867924,56.865,0.755,2.54,58.490566037735846,24757279.0,-2.22,16.9811320754717,-0.0219675262655205
industry:Medical Instruments & Supplies,industry,Medical Instruments & Supplies,53,0.46,-1.15,1.51,58.490566037735846,49.18,0.865,4.72,50.943396226415096,10706452.0,-0.37,41.509433962264154,-0.0055126791620728
industry:Engineering & Construction,industry,Engineering & Construction,52,0.45,-0.7949999999999999,-6.265000000000001,26.923076923076923,45.205,1.28,4.21,57.692307692307686,26675852.75,0.46499999999999997,59.61538461538461,0.00682526060388895
industry:Restaurants,industry,Restaurants,52,0.45,-2.65,-2.2,38.46153846153847,46.785,0.95,6.0,67.3076923076923,11727737.55,0.275,53.84615384615385,0.0020173856257639502
industry:Credit Services,industry,Credit Services,51,0.44,0.89,-0.59,47.05882352941176,50.62,1.14,4.28,76.47058823529412,15636527.0,-0.47,43.13725490196079,0.0015797788309637
industry:Oil & Gas Equipment & Services,industry,Oil & Gas Equipment & Services,50,0.43,1.9,5.085,64.0,54.31,0.89,4.83,76.0,14288886.0,-1.23,30.0,-0.0031901910734643503
industry:Entertainment,industry,Entertainment,48,0.41,-1.84,-0.39,43.75,46.375,0.965,5.32,45.83333333333333,17314631.900000002,-1.52,25.0,-0.00878847112359485
industry:Medical Care Facilities,industry,Medical Care Facilities,48,0.41,-0.52,-1.535,47.91666666666667,46.735,0.745,5.42,60.416666666666664,19320966.9,-0.32,41.66666666666667,-0.00168095055448305
industry:Diagnostics & Research,industry,Diagnostics & Research,46,0.39,-0.7150000000000001,8.295,78.26086956521739,53.89,1.29,5.025,39.130434782608695,59229782.25,-0.28500000000000003,47.82608695652174,-0.0033058597218870002
industry:Real Estate Services,industry,Real Estate Services,46,0.39,-0.66,-0.185,36.95652173913043,47.325,0.895,2.25,47.82608695652174,974537.9000000001,-0.36,39.130434782608695,0.0
industry:Communication Equipment,industry,Communication Equipment,45,0.39,-1.1,-7.89,26.666666666666668,45.09,1.255,5.665,46.666666666666664,12568246.5,0.65,57.77777777777777,0.0075117370892019
industry:Electronic Components,industry,Electronic Components,45,0.39,1.14,-7.89,15.555555555555555,45.35,1.32,3.44,62.22222222222222,26180407.8,0.5,60.0,0.014206142368031
industry:Specialty Retail,industry,Specialty Retail,45,0.39,0.08,-3.675,44.44444444444444,48.51,1.0350000000000001,7.73,60.0,6754946.8,0.25,53.333333333333336,0.0125827933442228
industry:Insurance - Property & Casualty,industry,Insurance - Property & Casualty,44,0.38,0.275,-1.81,54.54545454545454,51.59,0.44,3.005,90.9090909090909,30189754.95,-1.77,22.727272727272727,-0.0110302049702627
industry:Computer Hardware,industry,Computer Hardware,43,0.37,-0.7,-0.5,48.837209302325576,50.37,2.105,5.42,30.23255813953488,7487697.600000001,0.01,51.162790697674424,0.0053571428571428
industry:Education & Training Services,industry,Education & Training Services,43,0.37,-2.16,-1.1,32.55813953488372,45.6,0.77,4.475,48.837209302325576,1236580.0000000002,0.4,58.139534883720934,-0.0004407227853681
industry:Specialty Business Services,industry,Specialty Business Services,43,0.37,-0.43,-0.83,51.162790697674424,47.31,0.91,5.34,60.46511627906976,17051391.9,-0.37,46.51162790697674,0.0002544529262087
industry:Health Information Services,industry,Health Information Services,42,0.36,-0.62,0.475,57.14285714285714,51.115,1.25,7.01,40.476190476190474,5458524.25,-0.5549999999999999,42.857142857142854,-0.010728988458510301
industry:Utilities - Regulated Electric,industry,Utilities - Regulated Electric,42,0.36,0.405,-1.79,11.904761904761903,41.755,0.47,3.8499999999999996,92.85714285714286,167253159.4,-1.07,35.714285714285715,-0.00302471515430585
industry:Internet Retail,industry,Internet Retail,40,0.34,-2.49,-5.92,47.5,45.65,1.225,3.06,47.5,6595652.699999999,0.0,50.0,-0.0015063731170334
industry:Advertising Agencies,industry,Advertising Agencies,39,0.33,-2.35,-3.87,28.205128205128204,42.29,1.1400000000000001,4.58,38.46153846153847,3473937.4000000004,-1.12,30.76923076923077,-0.0054945054945054
industry:REIT - Mortgage,industry,REIT - Mortgage,39,0.33,0.10500000000000001,0.94,33.33333333333333,48.05,1.18,4.35,66.66666666666666,8424000.0,-0.32,43.58974358974359,0.0051546391752577
industry:Marine Shipping,industry,Marine Shipping,38,0.33,4.1850000000000005,9.195,78.94736842105263,59.925,0.85,2.58,71.05263157894737,3111045.75,-0.345,42.10526315789473,0.009686904087620001
industry:Building Products & Equipment,industry,Building Products & Equipment,36,0.31,-0.024999999999999994,-6.755,38.88888888888889,47.465,1.29,3.98,69.44444444444444,17379842.4,1.545,80.55555555555556,0.0152715524231331
industry:Apparel Retail,industry,Apparel Retail,33,0.28,-0.36,-8.24,42.42424242424242,45.7,1.0750000000000002,9.2,63.63636363636363,6991875.0,0.7,63.63636363636363,0.0110905730129389
industry:Integrated Freight & Logistics,industry,Integrated Freight & Logistics,33,0.28,-2.29,0.49,24.242424242424242,45.77,1.15,3.385,42.42424242424242,2495334.4000000004,0.38,57.57575757575758,0.0052631578947368
industry:Scientific & Technical Instruments,industry,Scientific & Technical Instruments,33,0.28,0.74,-7.41,33.33333333333333,46.1,1.12,4.505,57.57575757575758,24347201.2,0.38,57.57575757575758,0.0080321285140561
industry:Leisure,industry,Leisure,32,0.27,-3.4,-1.7149999999999999,37.5,44.254999999999995,1.02,4.82,50.0,2477100.5,0.61,62.5,-0.00087873462214415
industry:Household & Personal Products,industry,Household & Personal Products,31,0.27,-0.77,-1.46,35.483870967741936,48.85,0.675,6.33,48.38709677419355,13610983.999999998,-0.35,48.38709677419355,0.0
"industry:Furnishings, Fixtures & Appliances",industry,"Furnishings, Fixtures & Appliances",30,0.26,-1.15,-3.145,50.0,50.82,1.17,4.965,63.33333333333333,4333548.3,0.6000000000000001,63.33333333333333,0.015391775050824199
industry:Auto Manufacturers,industry,Auto Manufacturers,29,0.25,-1.29,0.18,41.37931034482759,48.34,1.22,3.44,17.24137931034483,3017765.6,-1.12,37.93103448275862,-0.0086206896551723
industry:Closed-End Fund - Foreign,industry,Closed-End Fund - Foreign,29,0.25,-0.4,0.66,68.96551724137932,55.73,0.86,0.12,0.0,711094.7999999999,-0.62,37.93103448275862,0.0
industry:Semiconductor Equipment & Materials,industry,Semiconductor Equipment & Materials,29,0.25,1.1,-9.82,0.0,44.8,1.79,5.67,75.86206896551724,97168466.50000001,2.27,89.65517241379311,0.0491000719942404
industry:Conglomerates,industry,Conglomerates,27,0.23,0.29,-3.78,33.33333333333333,47.19,0.95,4.94,51.85185185185185,4841125.9,0.13,51.85185185185185,0.0072254335260115
industry:Auto & Truck Dealerships,industry,Auto & Truck Dealerships,26,0.22,0.9450000000000001,-4.365,38.46153846153847,47.015,1.115,7.67,53.84615384615385,18347874.6,1.52,61.53846153846154,0.01055284631973125
industry:Farm & Heavy Construction Machinery,industry,Farm & Heavy Construction Machinery,26,0.22,4.9399999999999995,1.365,61.53846153846154,56.735,1.335,4.109999999999999,65.38461538461539,11640372.899999999,1.9849999999999999,61.53846153846154,0.016621284601173902
industry:REIT - Retail,industry,REIT - Retail,26,0.22,-1.185,-3.02,0.0,35.95,0.855,5.074999999999999,96.15384615384616,39471126.7,-1.07,34.61538461538461,-0.002491863928034
industry:Security & Protection Services,industry,Security & Protection Services,24,0.21,-0.87,-5.34,41.66666666666667,49.07,0.91,2.99,50.0,1813947.2,0.04999999999999999,50.0,0.0031479538300105
industry:Apparel Manufacturing,industry,Apparel Manufacturing,23,0.2,-0.8,-8.81,26.08695652173913,43.36,1.26,9.89,65.21739130434783,15330861.6,0.7,69.56521739130434,0.0091240875912408
industry:Industrial Distribution,industry,Industrial Distribution,23,0.2,1.04,-2.36,47.82608695652174,51.47,1.03,4.1850000000000005,69.56521739130434,67399777.3,0.7,60.86956521739131,0.0096446070830491
industry:Solar,industry,Solar,23,0.2,-1.1,-13.265,4.3478260869565215,41.05,1.495,9.01,34.78260869565217,4186604.5000000005,-0.37,43.47826086956522,0.0016524373450839
industry:Consulting Services,industry,Consulting Services,22,0.19,-3.18,-0.20499999999999996,54.54545454545454,48.61,0.685,2.97,50.0,1352966.85,-1.1749999999999998,22.727272727272727,-0.01625918159848245
industry:Insurance Brokers,industry,Insurance Brokers,22,0.19,-2.6,1.19,77.27272727272727,52.64,0.64,3.9450000000000003,59.09090909090909,18981688.549999997,-1.43,4.545454545454546,-0.01230299803407605
industry:Packaging & Containers,industry,Packaging & Containers,22,0.19,-2.36,-3.2649999999999997,27.27272727272727,45.55,0.775,5.119999999999999,68.18181818181817,25582496.25,0.605,68.18181818181817,0.0061706656702332
industry:Utilities - Renewable,industry,Utilities - Renewable,22,0.19,2.06,-3.135,31.818181818181817,46.3,1.0350000000000001,5.41,27.27272727272727,6605248.3,1.085,63.63636363636363,0.012642951619998049
industry:Drug Manufacturers - General,industry,Drug Manufacturers - General,21,0.18,0.38,3.75,61.904761904761905,50.2,0.34,1.36,71.42857142857143,311654120.40000004,-2.02,19.047619047619047,-0.0114930144021836
industry:Rental & Leasing Services,industry,Rental & Leasing Services,21,0.18,-0.11,-8.34,19.047619047619047,43.48,1.205,5.455,57.14285714285714,23357427.3,-0.2,47.61904761904761,0.0142507557218942
industry:Steel,industry,Steel,21,0.18,4.13,2.21,66.66666666666666,52.95,1.545,1.9,66.66666666666666,10598533.4,0.13,52.38095238095239,0.0040404040404038
industry:Waste Management,industry,Waste Management,21,0.18,1.25,3.08,66.66666666666666,51.26,0.545,3.42,38.095238095238095,6575823.0,0.38,57.14285714285714,0.0
industry:Banks - Diversified,industry,Banks - Diversified,20,0.17,2.415,2.315,80.0,59.120000000000005,0.94,0.59,95.0,151018174.89999998,-0.035,40.0,-0.0048869479733817
industry:Electronic Gaming & Multimedia,industry,Electronic Gaming & Multimedia,20,0.17,-2.69,-2.71,30.0,44.685,1.0350000000000001,2.02,40.0,834829.8500000001,-0.435,40.0,0.0024060653098338
industry:Farm Products,industry,Farm Products,20,0.17,0.18000000000000002,5.5600000000000005,55.00000000000001,53.875,0.63,3.99,50.0,2610622.8499999996,-1.27,25.0,-0.0061497190028475
industry:Oil & Gas Integrated,industry,Oil & Gas Integrated,20,0.17,2.745,3.74,85.0,55.285,0.42000000000000004,0.9450000000000001,80.0,104249917.55,-2.1550000000000002,25.0,-0.01322252165956585
industry:REIT - Office,industry,REIT - Office,20,0.17,-1.8250000000000002,-2.37,25.0,43.625,1.17,5.945,45.0,10480307.75,0.515,65.0,0.0
industry:REIT - Residential,industry,REIT - Residential,20,0.17,-1.175,-2.84,30.0,41.905,0.79,3.4000000000000004,65.0,48771402.3,-1.07,20.0,-7.177462766905e-05
industry:Beverages - Non-Alcoholic,industry,Beverages - Non-Alcoholic,19,0.16,-1.77,0.58,47.368421052631575,47.9,0.54,2.77,73.68421052631578,15745371.200000001,-0.45,42.10526315789473,-0.0062893081761006
industry:Consumer Electronics,industry,Consumer Electronics,19,0.16,0.08,2.42,42.10526315789473,48.58,1.22,2.08,15.789473684210526,3339127.8000000003,-1.23,47.368421052631575,-0.0032733224222586
industry:Oil & Gas Refining & Marketing,industry,Oil & Gas Refining & Marketing,19,0.16,2.84,8.11,63.1578947368421,53.29,0.705,3.79,68.42105263157895,33052320.0,-1.0,31.57894736842105,8.093015727439479e-05
industry:Other Precious Metals & Mining,industry,Other Precious Metals & Mining,19,0.16,-1.53,9.9,78.94736842105263,54.05,1.24,3.06,52.63157894736842,5135823.4,-1.52,31.57894736842105,-0.0194805194805195
industry:REIT - Specialty,industry,REIT - Specialty,19,0.16,-0.22,-2.17,26.31578947368421,45.18,0.98,3.38,78.94736842105263,94274750.8,-0.37,31.57894736842105,-0.0046597427053408
industry:Residential Construction,industry,Residential Construction,19,0.16,-3.03,-2.07,21.052631578947366,45.54,1.34,7.16,84.21052631578947,57629093.599999994,-0.05,47.368421052631575,0.0018072289156625
industry:Airlines,industry,Airlines,18,0.15,0.034999999999999996,-14.325,5.555555555555555,42.16,1.43,5.8,61.111111111111114,40715530.5,2.27,83.33333333333334,0.022694499433595
industry:Insurance - Life,industry,Insurance - Life,18,0.15,2.1750000000000003,-4.4,44.44444444444444,49.644999999999996,0.815,2.36,100.0,51146871.05,-0.76,27.77777777777778,-0.0053222108175072
industry:Metal Fabrication,industry,Metal Fabrication,18,0.15,1.63,-6.54,50.0,48.815,1.105,2.95,50.0,12385776.399999999,1.2999999999999998,72.22222222222221,0.01352042213661005
industry:Travel Services,industry,Travel Services,18,0.15,-5.64,-10.89,27.77777777777778,37.41,1.2,3.3600000000000003,83.33333333333334,49465461.14999999,-0.37,33.33333333333333,-0.0013192752669764002
industry:Building Materials,industry,Building Materials,17,0.15,-1.56,-6.75,17.647058823529413,41.36,1.04,3.93,82.35294117647058,24954156.499999996,0.82,64.70588235294117,0.009222610767398
industry:Chemicals,industry,Chemicals,17,0.15,1.16,0.07,41.17647058823529,49.59,0.79,5.21,29.411764705882355,9204754.0,0.43,52.94117647058824,-0.0038443056222968
industry:REIT - Diversified,industry,REIT - Diversified,17,0.15,-0.99,-2.13,17.647058823529413,42.37,0.97,3.84,58.82352941176471,6237869.1,-0.32,41.17647058823529,0.0032679738562089
industry:REIT - Healthcare Facilities,industry,REIT - Healthcare Facilities,17,0.15,-0.05,-3.72,23.52941176470588,42.46,0.745,4.65,70.58823529411765,39982699.2,-1.34,11.76470588235294,-0.0140306122448978
industry:Resorts & Casinos,industry,Resorts & Casinos,17,0.15,-2.07,-7.79,11.76470588235294,41.67,1.32,7.37,58.82352941176471,50274979.99999999,-0.37,41.17647058823529,0.0010509721492379
industry:Staffing & Employment Services,industry,Staffing & Employment Services,17,0.15,-2.43,1.37,52.94117647058824,50.75,0.86,4.36,47.05882352941176,6336493.799999999,-0.95,47.05882352941176,0.0
industry:Insurance - Specialty,industry,Insurance - Specialty,16,0.14,0.135,-3.1799999999999997,37.5,47.5,0.625,4.1850000000000005,87.5,25506765.4,-0.475,37.5,-0.00593506084050875
industry:Pollution & Treatment Controls,industry,Pollution & Treatment Controls,16,0.14,-0.43,-7.175000000000001,25.0,41.965,1.295,1.3450000000000002,25.0,842158.0,-0.435,37.5,0.0
industry:Trucking,industry,Trucking,16,0.14,1.6800000000000002,-0.41000000000000003,6.25,46.650000000000006,1.31,5.87,56.25,34997026.2,2.2350000000000003,87.5,0.02915574487977885
industry:Utilities - Regulated Gas,industry,Utilities - Regulated Gas,16,0.14,-0.11,-2.2649999999999997,25.0,42.959999999999994,0.5900000000000001,4.48,87.5,37345138.5,-0.72,43.75,-0.0026386167726481
industry:Financial Data & Stock Exchanges,industry,Financial Data & Stock Exchanges,15,0.13,-2.27,4.69,73.33333333333333,52.11,1.01,2.59,80.0,370421648.8,-2.09,26.666666666666668,-0.01938562348271675
industry:REIT - Hotel & Motel,industry,REIT - Hotel & Motel,15,0.13,-4.46,-4.39,6.666666666666667,39.6,1.14,5.12,46.666666666666664,20949749.599999998,0.7,73.33333333333333,0.0045413260672115
industry:REIT - Industrial,industry,REIT - Industrial,15,0.13,-1.32,-2.43,13.333333333333334,38.74,1.04,3.55,73.33333333333333,61173479.99999999,-1.07,33.33333333333333,-0.0022796352583585
industry:Recreational Vehicles,industry,Recreational Vehicles,15,0.13,-0.1,-2.55,26.666666666666668,47.75,1.17,7.39,60.0,20929114.400000002,3.02,73.33333333333333,0.0227683411637151
industry:Broadcasting,industry,Broadcasting,14,0.12,1.28,6.25,50.0,49.144999999999996,1.1,8.325,28.57142857142857,4463999.95,-1.385,21.428571428571427,-0.0122634302052919
industry:Gambling,industry,Gambling,14,0.12,-1.9849999999999999,1.995,14.285714285714285,47.519999999999996,1.1,4.654999999999999,42.857142857142854,2889988.8,1.835,78.57142857142857,-0.0016809861785581
industry:Grocery Stores,industry,Grocery Stores,14,0.12,0.045,1.5550000000000002,35.714285714285715,49.545,0.61,10.83,57.14285714285714,10354511.05,0.45,64.28571428571429,0.0068904316247193
industry:Agricultural Inputs,industry,Agricultural Inputs,13,0.11,5.83,11.39,69.23076923076923,61.69,0.91,3.41,53.84615384615385,8639162.6,-0.37,38.46153846153847,0.0
industry:Footwear & Accessories,industry,Footwear & Accessories,13,0.11,-3.03,-11.2,23.076923076923077,40.06,1.28,5.86,84.61538461538461,17776995.6,0.82,69.23076923076923,0.0142463235294116
industry:Mortgage Finance,industry,Mortgage Finance,13,0.11,0.23,-2.65,30.76923076923077,48.49,1.47,6.18,38.46153846153847,2299230.6,0.65,53.84615384615385,0.0008193363375665
industry:Personal Services,industry,Personal Services,13,0.11,-1.43,-3.24,46.15384615384615,44.43,0.985,4.035,76.92307692307693,5272864.0,-1.15,30.76923076923077,-0.0013299480111231
industry:Real Estate - Development,industry,Real Estate - Development,13,0.11,-0.7,1.57,30.76923076923077,49.54,1.36,2.95,61.53846153846154,671366.9000000001,0.82,69.23076923076923,0.0075867052023121
industry:Uranium,industry,Uranium,13,0.11,-0.71,7.25,69.23076923076923,51.27,1.4,6.69,23.076923076923077,12890892.0,1.87,69.23076923076923,0.0026064291920069
industry:Utilities - Regulated Water,industry,Utilities - Regulated Water,13,0.11,-0.21,4.36,76.92307692307693,57.11,0.56,3.31,92.3076923076923,9540074.999999998,0.0,46.15384615384615,-0.003030303030303
industry:Food Distribution,industry,Food Distribution,12,0.1,-1.97,-2.255,33.33333333333333,46.83,0.71,2.7800000000000002,66.66666666666666,19565667.650000002,-1.135,41.66666666666667,0.00065668505384815
industry:Insurance - Diversified,industry,Insurance - Diversified,12,0.1,0.024999999999999994,-2.51,50.0,50.55500000000001,0.52,1.32,100.0,54326032.35000001,0.0,41.66666666666667,-0.00566709114205255
industry:Medical Distribution,industry,Medical Distribution,12,0.1,0.07,-20.275,41.66666666666667,41.485,0.53,2.45,33.33333333333333,935547.75,-0.235,41.66666666666667,-0.013044394686191299
industry:Railroads,industry,Railroads,12,0.1,-3.23,-3.995,16.666666666666664,42.795,1.165,2.455,83.33333333333334,105728070.0,-0.59,41.66666666666667,0.006100330819266499
industry:Beverages - Wineries & Distilleries,industry,Beverages - Wineries & Distilleries,11,0.09,-2.23,-5.31,36.36363636363637,43.5,0.56,0.82,36.36363636363637,1763272.4999999998,-0.52,18.181818181818183,-0.0109664153529814
industry:Healthcare Plans,industry,Healthcare Plans,11,0.09,1.31,2.64,36.36363636363637,49.54,0.78,2.81,72.72727272727273,328664940.8,-0.75,45.45454545454545,-0.0103986989305602
industry:Lodging,industry,Lodging,11,0.09,-3.32,-3.35,27.27272727272727,42.16,0.7,3.09,81.81818181818183,59061927.6,-0.37,45.45454545454545,0.0002765486725664
industry:Luxury Goods,industry,Luxury Goods,11,0.09,0.715,-10.06,18.181818181818183,39.96,1.14,6.275,54.54545454545454,1837401.3,-0.47,45.45454545454545,0.0101100208147486
industry:Tobacco,industry,Tobacco,11,0.09,-1.39,-5.76,36.36363636363637,40.51,0.66,1.73,54.54545454545454,4747932.0,-0.25,36.36363636363637,-0.0082626657969124
industry:Oil & Gas Drilling,industry,Oil & Gas Drilling,10,0.09,0.69,13.835,100.0,54.315,1.02,10.149999999999999,40.0,54564900.7,-2.22,0.0,-0.0204034377627921
industry:Tools & Accessories,industry,Tools & Accessories,10,0.09,-0.8049999999999999,-4.63,30.0,46.58,1.17,3.04,90.0,93615485.65,0.09,60.0,0.0092216891119807
industry:Discount Stores,industry,Discount Stores,9,0.08,2.81,-1.8,66.66666666666666,54.17,0.58,4.15,88.88888888888889,351402651.6,0.3,66.66666666666666,0.0021874280451301
industry:Utilities - Independent Power Producers,industry,Utilities - Independent Power Producers,9,0.08,2.9,0.0,33.33333333333333,50.49,1.14,3.05,44.44444444444444,269852589.99999994,2.77,100.0,0.0358935742971886
industry:Airports & Air Services,industry,Airports & Air Services,8,0.07,0.10999999999999999,-7.625,12.5,42.129999999999995,0.82,4.375,50.0,7564420.800000001,-0.21000000000000002,50.0,0.0031538948770256
industry:Copper,industry,Copper,8,0.07,-5.805,4.385,100.0,51.11,1.275,2.5949999999999998,75.0,92661806.89999999,1.095,62.5,0.0032057366788134497
industry:Electronics & Computer Distribution,industry,Electronics & Computer Distribution,8,0.07,3.415,-0.64,87.5,59.125,1.0950000000000002,4.25,100.0,40214564.099999994,1.6749999999999998,62.5,0.011107053230310051
industry:Insurance - Reinsurance,industry,Insurance - Reinsurance,8,0.07,0.7849999999999999,2.485,75.0,55.89,0.375,2.3200000000000003,87.5,16963393.200000003,-0.42,37.5,-0.0121224646761559
industry:Publishing,industry,Publishing,8,0.07,-3.6750000000000003,-6.87,0.0,38.875,0.89,8.98,62.5,12003490.799999997,-1.6,25.0,-0.01546888639540965
industry:Beverages - Brewers,industry,Beverages - Brewers,7,0.06,-1.57,-3.27,28.57142857142857,46.38,0.48,1.07,71.42857142857143,85698238.00000001,-1.07,28.57142857142857,-0.0055335315493888
industry:Financial Conglomerates,industry,Financial Conglomerates,7,0.06,-0.28,-3.17,57.14285714285714,52.42,0.92,5.11,85.71428571428571,10340662.5,-0.62,42.857142857142854,-0.0048387096774193
industry:Utilities - Diversified,industry,Utilities - Diversified,7,0.06,0.18,-0.37,28.57142857142857,44.32,0.55,2.13,100.0,27026987.999999996,-0.62,28.57142857142857,0.0
industry:Lumber & Wood Production,industry,Lumber & Wood Production,6,0.05,-0.010000000000000009,-3.805,66.66666666666666,49.995000000000005,1.145,3.64,50.0,22916541.849999998,0.475,83.33333333333334,0.0208736202961754
industry:Silver,industry,Silver,6,0.05,2.18,16.725,100.0,58.53,1.0,6.02,83.33333333333334,30625271.1,-1.87,0.0,-0.03051540863898885
industry:Business Equipment & Supplies,industry,Business Equipment & Supplies,5,0.04,1.57,-2.78,40.0,49.02,0.5,6.59,40.0,3400438.6,-1.27,40.0,0.0066518847006651
industry:Confectioners,industry,Confectioners,5,0.04,-3.8,-2.44,0.0,43.75,0.4,7.14,60.0,8489329.799999999,-1.12,0.0,-0.0027664768104149
industry:Home Improvement Retail,industry,Home Improvement Retail,5,0.04,-2.77,-8.15,20.0,38.89,0.98,1.87,80.0,127662056.5,0.82,80.0,0.0126300148588409
industry:Paper & Paper Products,industry,Paper & Paper Products,5,0.04,-1.1,-8.49,40.0,43.54,0.52,3.68,40.0,4098437.2,1.52,60.0,0.0106280193236716
industry:Pharmaceutical Retailers,industry,Pharmaceutical Retailers,5,0.04,-5.33,3.0,20.0,43.49,0.69,4.550000000000001,0.0,1150635.1,-3.89,40.0,0.0
industry:Textile Manufacturing,industry,Textile Manufacturing,5,0.04,-0.9,-3.11,20.0,50.37,1.21,1.22,0.0,886938.4,-1.39,40.0,0.0128022759601706
industry:Thermal Coal,industry,Thermal Coal,5,0.04,-0.24,8.36,80.0,59.88,0.29,3.25,80.0,7906398.4,-0.2,40.0,0.0224776762804064
industry:Aluminum,industry,Aluminum,4,0.03,0.495,-1.085,50.0,49.42,1.645,5.43,100.0,73712751.80000001,1.635,50.0,0.00295371960662845
industry:Coking Coal,industry,Coking Coal,4,0.03,-0.5549999999999999,27.095,100.0,60.614999999999995,0.8999999999999999,12.415,25.0,46167589.199999996,-0.8049999999999999,25.0,0.0258168967714538
industry:Department Stores,industry,Department Stores,4,0.03,5.300000000000001,-1.4549999999999996,50.0,53.394999999999996,1.245,11.675,75.0,88197647.35000001,0.26,75.0,0.00633586053798755
industry:Real Estate - Diversified,industry,Real Estate - Diversified,3,0.03,-1.05,-1.88,66.66666666666666,48.12,1.16,1.96,100.0,16284876.3,-2.02,33.33333333333333,0.000605418495535
industry:Infrastructure Operations,industry,Infrastructure Operations,1,0.01,1.68,48.04,100.0,68.03,0.7,0.28,0.0,201766.2,2.52,100.0,0.0342465753424658
lev:low,lev,low,2313,19.86,0.0,0.3,53.480328577604844,50.165,0.9,3.54,37.57025507998271,2705993.45,-0.49,41.2883700821444,0.0
lev:mid,lev,mid,1397,12.0,0.17,-0.65,49.248389405869716,49.9,0.92,4.08,68.36077308518253,22818270.6,-0.2,47.53042233357194,0.0009161704076958
lev:high,lev,high,1389,11.93,0.0,-0.8,46.00431965442765,48.769999999999996,0.99,4.93,59.89920806335493,24522342.6,-0.24,47.156227501799854,0.00066587007055135
liq:low,liq,low,7927,68.07,0.0,0.12,54.787435347546364,50.73,0.72,2.0,10.609309953324082,631198.4,-0.62,30.099659391951555,0.0
liq:mid,liq,mid,2385,20.48,0.1,-0.1,51.40461215932915,49.86,0.91,7.3149999999999995,44.36058700209644,30826151.999999996,-0.32,44.10901467505241,0.0003786444528588
liq:high,liq,high,1319,11.33,-0.08,-0.04,52.84306292645944,49.765,0.97,3.95,64.97346474601972,246451490.99999997,-0.37,42.0773313115997,-0.002029426686961
mom:uptrend,mom,uptrend,5204,44.68,0.31,1.38,100.0,57.36,0.79,3.2,22.73251345119139,1718290.7999999998,-0.62,31.898539584934664,-0.00054839598310085
mom:downtrend,mom,downtrend,3925,33.7,-0.72,-3.13,0.0,40.82,0.66,3.88,19.59235668789809,1633113.5999999999,-1.25,30.700636942675157,0.0
mom:mixed,mom,mixed,2506,21.52,-0.07,-0.52,42.37829209896249,48.775000000000006,0.98,4.48,32.0830007980846,4832545.35,-0.32,45.05187549880287,0.0003961225339038
profit:no,profit,no,1948,16.73,-0.75,-1.27,40.91375770020534,47.38,1.17,5.385,0.0,2535441.1500000004,-0.32,46.303901437371664,0.0
profit:yes,profit,yes,1501,12.89,0.3,-0.38,54.96335776149234,50.93,0.79,3.54,100.0,43733391.1,-0.35,42.83810792804797,0.0
profit:thin,profit,thin,1256,10.78,0.08,-0.87,47.611464968152866,48.72,0.97,4.78,100.0,29085589.599999998,0.05,50.79617834394905,0.0020890696647345997
rvol:quiet,rvol,quiet,7895,67.79,0.0,0.1,54.895503483217226,50.61,0.82,3.77,22.5965801139962,1729003.5,-0.62,29.449018366054464,0.0
rvol:normal,rvol,normal,2638,22.65,0.0,-0.02,51.3267626990144,49.9,0.78,4.2,30.70507960576194,5988924.5,0.0,44.692949203942376,0.0
rvol:hot,rvol,hot,1098,9.43,0.01,0.045,52.64116575591985,50.09,0.7,2.4400000000000004,14.754098360655737,722904.6000000001,0.0,44.53551912568306,0.0
sector:Financial,sector,Financial,7147,61.37,0.05,0.19,59.80131523716244,52.11,0.69,0.76,8.67496851825941,911734.55,-0.62,26.69651602070799,-0.0002142245072835
sector:Healthcare,sector,Healthcare,1063,9.13,0.0,1.75,52.304797742238954,49.67,0.97,6.115,21.636876763875822,4838903.799999999,-0.37,44.21448730009408,0.0
sector:Technology,sector,Technology,794,6.82,-0.91,-2.3449999999999998,41.93954659949622,47.815,1.26,5.635,48.2367758186398,17642804.4,-0.115,49.74811083123426,0.0
sector:Industrials,sector,Industrials,713,6.12,-0.4,-4.45,35.06311360448808,45.925,1.11,3.9850000000000003,55.259467040673215,13015765.7,0.3,53.576437587657786,0.0074888463989801
sector:Consumer Cyclical,sector,Consumer Cyclical,532,4.57,-1.24,-3.91,36.46616541353384,46.32,1.13,5.57,59.58646616541353,13373286.299999999,0.51,58.45864661654135,0.0051706308169596
sector:Basic Materials,sector,Basic Materials,288,2.47,-0.78,3.84,63.888888888888886,51.49,1.04,3.41,50.0,14831806.75,-0.375,43.05555555555556,-0.0036493164467064
sector:Communication Services,sector,Communication Services,256,2.2,-1.25,-2.9299999999999997,38.28125,46.14,0.98,5.05,45.3125,6568860.600000001,-1.12,32.03125,-0.0052979129021034
sector:Energy,sector,Energy,252,2.16,1.6949999999999998,8.120000000000001,77.77777777777779,56.269999999999996,0.55,4.085,70.23809523809523,20371898.2,-1.34,27.380952380952383,-0.0038983671069838495
sector:Real Estate,sector,Real Estate,250,2.15,-0.8300000000000001,-2.09,24.8,43.835,1.02,4.0,64.4,12763971.049999999,-0.32,40.8,0.00052572196947915
sector:Consumer Defensive,sector,Consumer Defensive,242,2.08,-1.73,-1.87,36.36363636363637,45.894999999999996,0.62,4.275,54.958677685950406,8722369.2,-0.495,40.49586776859504,-0.0006446658364466
sector:Utilities,sector,Utilities,109,0.94,0.49,-1.48,28.440366972477065,46.02,0.565,4.2,75.22935779816514,34848144.2,0.0,48.62385321100918,0.0
short:low,short,low,3417,29.34,0.0,-0.19,50.1609599063506,49.81,0.79,1.65,47.585601404741,2113648.2,-0.5,38.981562774363475,0.0
short:mid,short,mid,1827,15.69,-0.3,-1.0550000000000002,45.867542419266556,48.3,1.05,8.14,52.764094143404485,21659984.999999996,-0.2,48.65900383141762,0.0007700205338809
short:high,short,high,395,3.39,-0.15000000000000002,1.395,46.835443037974684,49.18,1.25,18.61,30.632911392405067,20781103.700000003,0.14,51.89873417721519,0.0028715003589376
short:extreme,short,extreme,153,1.31,0.37,1.87,41.830065359477125,48.45,1.51,29.81,13.071895424836603,22500540.0,-0.05,49.673202614379086,0.0039660056657224
size:micro,size,micro,2163,18.57,-0.47,-0.575,41.42394822006473,47.09,0.87,1.85,17.614424410540916,614161.2,-0.62,38.141470180305134,0.0
size:small,size,small,1624,13.94,0.11,0.1,53.07881773399015,51.09,0.89,4.775,42.672413793103445,6267127.199999999,-0.24,47.35221674876847,0.0019646441253667497
size:mid,size,mid,1179,10.12,0.03,-0.72,49.703138252756574,49.28,0.97,6.92,70.39864291772689,51784534.400000006,-0.1,48.17642069550466,0.0007127583749109
size:large,size,large,877,7.53,-0.185,-0.615,51.881413911060434,49.34,0.91,3.18,88.59749144811857,237176670.8,-0.5,38.19840364880274,-0.0042298202326401
size:mega,size,mega,77,0.66,0.58,0.66,59.74025974025974,52.45,0.98,1.23,97.40259740259741,2156278993.2,0.07,50.649350649350644,-0.0057106598984771
style:growth,style,growth,2516,21.6,0.125,-0.31,47.41653418124006,49.13,1.11,5.31,48.9268680445151,12127609.399999997,-0.1,48.9268680445151,0.0019129603060736
style:blend,style,blend,1753,15.05,-0.515,-0.92,45.69309754706218,48.05,0.88,3.725,50.88419851682829,6731301.399999999,-0.37,42.840844266970905,0.0
style:value,style,value,683,5.86,0.48,-0.84,54.465592972181554,51.6,0.79,4.395,90.04392386530014,34740840.00000001,0.01,50.07320644216691,0.001505646173149
themes:theme:data_center_power,themes,theme:data_center_power,101,0.87,0.16,-2.09,35.64356435643564,47.69,1.22,4.36,41.584158415841586,26180407.8,2.17,81.1881188118812,0.0076448103498971
themes:theme:defense,themes,theme:defense,81,0.7,-1.02,-1.585,37.03703703703704,44.620000000000005,0.86,6.195,22.22222222222222,4904988.6,0.67,66.66666666666666,0.0
themes:theme:copper_metals,themes,theme:copper_metals,77,0.66,-1.71,3.0149999999999997,63.63636363636363,50.52,1.1,2.935,29.87012987012987,4991750.399999999,1.12,72.72727272727273,-0.0038590688117076
themes:theme:nuclear_smr,themes,theme:nuclear_smr,46,0.39,0.0,0.36,60.86956521739131,50.735,1.02,4.14,15.217391304347828,2497515.5,1.585,78.26086956521739,0.0008230933476920999
themes:theme:ai_capex,themes,theme:ai_capex,42,0.36,0.965,-1.5499999999999998,47.61904761904761,48.894999999999996,1.65,4.404999999999999,23.809523809523807,8515517.5,2.085,80.95238095238095,0.015519422931988748
themes:theme:optics_transceiver,themes,theme:optics_transceiver,31,0.27,-0.28,-6.52,32.25806451612903,45.53,1.54,9.0,35.483870967741936,18347569.200000003,2.0,83.87096774193549,0.0212726254898301
themes:theme:hbm_memory,themes,theme:hbm_memory,17,0.15,0.0,2.28,47.05882352941176,50.48,1.605,5.220000000000001,29.411764705882355,10107046.8,1.52,70.58823529411765,0.0058207217694994
themes:theme:semiconductor_equip,themes,theme:semiconductor_equip,14,0.12,1.615,-0.63,21.428571428571427,47.7,1.61,2.17,35.714285714285715,19119966.0,3.02,85.71428571428571,0.0217989985693849
vol:low,vol,low,5502,47.24,0.0,0.11,60.77789894583788,52.19,0.63,0.27,7.306434023991276,802382.0,-0.62,21.301344965467102,-0.0002871912693853
vol:mid,vol,mid,3278,28.15,0.31,0.755,57.10799267846248,51.53,0.94,4.375,57.96217205613179,16189682.3,-0.32,44.75289810860281,0.0
vol:high,vol,high,2855,24.51,-0.9,-3.4450000000000003,36.77758318739055,46.11,1.28,5.125,15.901926444833625,2073471.2,-0.25,47.46059544658494,0.0014005602240896
